"","growth form","species","count"
"8929","Unknown form:Unknown form","Acropora NA",425
"8645","branching","Acropora NA",412
"30462","blade","Isopora palifera",381
"8772","branching:branching","Acropora NA",274
"30580","branching stout","Isopora palifera",270
"5592","plate","Acropora hyacinthus",260
"8717","branching medium","Acropora NA",215
"5617","table:table","Acropora hyacinthus",176
"46451","branching medium","Pocillopora damicornis",143
"53552","frond","Stylophora pistillata",142
"53419","branching stout","Stylophora pistillata",141
"8927","table:table","Acropora NA",140
"49595","massive","Porites NA",139
"2944","plate","Acropora cytherea",108
"8613","arborescent:arborescent","Acropora NA",108
"8902","plate","Acropora NA",92
"30713","frond","Isopora palifera",92
"52126","branching thin","Seriatopora hystrix",88
"46379","branching","Pocillopora damicornis",85
"53330","branching","Stylophora pistillata",80
"2969","table:table","Acropora cytherea",74
"40752","branching","NA NA",69
"40989","massive","NA NA",69
"30491","branching","Isopora palifera",66
"8765","branching thin","Acropora NA",65
"8891","No photo missing transect:No photo missing transect","Acropora NA",61
"52006","branching","Seriatopora hystrix",60
"5619","Unknown form:Unknown form","Acropora hyacinthus",59
"8822","corymbose:corymbose","Acropora NA",58
"3302","Unknown form:Unknown form","Acropora digitifera",55
"5581","No photo missing transect:No photo missing transect","Acropora hyacinthus",52
"49358","branching","Porites NA",43
"47372","branching","Pocillopora NA",42
"24783","phaceloid","Galaxea fascicularis",40
"8670","branching bush medium","Acropora NA",39
"25114","phaceloid","Galaxea NA",38
"5192","digitate:digitate","Acropora humilis",37
"8930","vase","Acropora NA",37
"30654","column","Isopora palifera",37
"8833","digitate:digitate","Acropora NA",36
"30473","blade/branching stout ","Isopora palifera",36
"33389","phaceloid","Lobophyllia NA",35
"47703","branching","Pocillopora verrucosa",35
"38634","encrusting","Montipora NA",34
"8913","plate?","Acropora NA",33
"24787","phaceloid/sheet","Galaxea fascicularis",33
"30775","Unknown form:Unknown form","Isopora palifera",33
"8778","branching/bush","Acropora NA",32
"8612","arborescent table:arborescent table","Acropora NA",31
"4626","Unknown form:Unknown form","Acropora gemmifera",30
"30636","branching/frond","Isopora palifera",30
"41036","Unknown form:Unknown form","NA NA",29
"3300","table:table","Acropora digitifera",28
"29803","blade stout","Isopora cuneata",28
"46499","branching thin","Pocillopora damicornis",28
"8756","branching thick","Acropora NA",27
"21129","massive","Favia NA",26
"30594","branching stout/frond","Isopora palifera",26
"30478","blade/column","Isopora palifera",25
"27087","massive","Goniastrea retiformis",24
"49532","column/massive","Porites NA",24
"41009","plate","NA NA",23
"53433","branching stout/frond","Stylophora pistillata",23
"3303","vase","Acropora digitifera",22
"8608","?","Acropora NA",22
"8659","branching bush","Acropora NA",22
"3195","corymbose:corymbose","Acropora digitifera",21
"10268","arborescent:arborescent","Acropora robusta",21
"10300","branching","Acropora robusta",20
"10584","Unknown form:Unknown form","Acropora robusta",20
"4530","digitate:digitate","Acropora gemmifera",19
"40885","branching/bush","NA NA",19
"46500","branching thin-medium","Pocillopora damicornis",19
"46932","frond","Pocillopora grandis",19
"3264","No photo missing transect:No photo missing transect","Acropora digitifera",18
"10427","branching:branching","Acropora robusta",18
"30472","blade/branching stout","Isopora palifera",18
"32383","massive","Leptoria phrygia",18
"9484","corymbose:corymbose","Acropora nasuta",16
"10267","arborescent table:arborescent table","Acropora robusta",16
"30482","blade/encrusting base","Isopora palifera",16
"30693","encrusting base","Isopora palifera",16
"38672","massive","Montipora NA",16
"40841","branching stout","NA NA",16
"41037","vase","NA NA",16
"53475","branching/frond","Stylophora pistillata",16
"8607","","Acropora NA",15
"8796","branching/plate","Acropora NA",15
"10309","branching arborescent medium","Acropora robusta",15
"40824","branching medium","NA NA",15
"29735","massive","Hydnophora microconos",14
"40951","encrusting","NA NA",14
"46512","branching/bush","Pocillopora damicornis",14
"47925","frond","Pocillopora verrucosa",14
"22784","massive","Favites NA",13
"41002","phaceloid","NA NA",13
"44299","massive","Platygyra daedalea",13
"49557","encrusting","Porites NA",13
"3206","digitate:digitate","Acropora digitifera",12
"3275","plate","Acropora digitifera",12
"8766","branching thin-medium","Acropora NA",12
"17450","encrusting","Cyphastrea microphthalma",12
"30453","","Isopora palifera",12
"40863","branching thick","NA NA",12
"2971","Unknown form:Unknown form","Acropora cytherea",11
"4627","vase","Acropora gemmifera",11
"5606","plate/vase","Acropora hyacinthus",11
"8688","branching bush small","Acropora NA",11
"30465","blade stout","Isopora palifera",11
"30591","branching stout/column","Isopora palifera",11
"38692","plate","Montipora NA",11
"47594","frond","Pocillopora NA",11
"53301","blade","Stylophora pistillata",11
"24456","phaceloid/sheet","Galaxea astreata",10
"26756","massive","Goniastrea NA",10
"30675","cuneiform:cuneiform","Isopora palifera",10
"44961","massive","Platygyra NA",10
"47461","branching stout","Pocillopora NA",10
"2985","arborescent table:arborescent table","Acropora digitifera",9
"5603","plate?","Acropora hyacinthus",9
"5666","branching","Acropora intermedia",9
"8650","branching arborescent bush medium","Acropora NA",9
"8708","branching fine","Acropora NA",9
"8936","Wrong intercept:Wrong intercept","Acropora NA",9
"30479","blade/column thick","Isopora palifera",9
"40974","frond","NA NA",9
"46412","branching bush open medium","Pocillopora damicornis",9
"47505","branching/bush","Pocillopora NA",9
"53556","frond open bush","Stylophora pistillata",9
"5634","arborescent:arborescent","Acropora intermedia",8
"7062","branching medium","Acropora milleopora",8
"8282","arborescent:arborescent","Acropora muricata",8
"8879","hyspidose","Acropora NA",8
"8932","vase?","Acropora NA",8
"30657","column thick","Isopora palifera",8
"32727","phaceloid","Lobophyllia corymbosa",8
"47517","branching/frond","Pocillopora NA",8
"53402","branching medium","Stylophora pistillata",8
"3145","branching:branching","Acropora digitifera",7
"3215","digitate/vase","Acropora digitifera",7
"5793","branching:branching","Acropora intermedia",7
"7167","corymbose:corymbose","Acropora milleopora",7
"8646","branching ","Acropora NA",7
"8691","branching bush thick","Acropora NA",7
"8724","branching medium-thick","Acropora NA",7
"13125","corymbose:corymbose","Acropora valida",7
"16164","massive","Coeloseris mayeri",7
"17819","massive","Cyphastrea NA",7
"24202","branching","Galaxea astreata",7
"24452","phaceloid","Galaxea astreata",7
"24533","branching","Galaxea fascicularis",7
"24788","phaceloid/sheet multi-level","Galaxea fascicularis",7
"24817","Unknown form:Unknown form","Galaxea fascicularis",7
"30475","blade/branching stout/frond","Isopora palifera",7
"40766","branching bush","NA NA",7
"40872","branching thin","NA NA",7
"40926","column/massive","NA NA",7
"46710","branching","Pocillopora grandis",7
"49284","plate","Porites lichen",7
"52400","branching fine","Seriatopora NA",7
"53441","branching thick","Stylophora pistillata",7
"2202","corymbose:corymbose","Acropora cerealis",6
"8734","branching stout","Acropora NA",6
"8890","No photo :No photo ","Acropora NA",6
"10372","branching medium","Acropora robusta",6
"11801","corymbose:corymbose","Acropora selago",6
"13020","branching medium","Acropora valida",6
"20136","massive","Dipsastraea pallida",6
"21091","encrusting","Favia NA",6
"23115","massive","Favites pentagona",6
"23819","solitary","Fungi NA",6
"24790","plate","Galaxea fascicularis",6
"33376","massive","Lobophyllia NA",6
"33378","massive/phaceloid","Lobophyllia NA",6
"46404","branching bush medium","Pocillopora damicornis",6
"46458","branching medium-thick","Pocillopora damicornis",6
"46468","branching stout","Pocillopora damicornis",6
"47792","branching stout","Pocillopora verrucosa",6
"49572","encrusting/massive","Porites NA",6
"52999","branching","Stylophora NA",6
"2637","table","Acropora clathrata",5
"2638","table:table","Acropora clathrata",5
"2933","No photo missing transect:No photo missing transect","Acropora cytherea",5
"3211","digitate/plate","Acropora digitifera",5
"8267","Unknown form:Unknown form","Acropora monticulosa",5
"8726","branching medium?","Acropora NA",5
"8892","No photo:No photo","Acropora NA",5
"8907","plate thick","Acropora NA",5
"9379","branching medium","Acropora nasuta",5
"10389","branching stout","Acropora robusta",5
"24477","sheet","Galaxea astreata",5
"24808","sheet","Galaxea fascicularis",5
"25763","massive","Goniastrea edwardsi",5
"27418","massive","Goniastrea stelligera",5
"30344","cuneiform:cuneiform","Isopora NA",5
"40714","","NA NA",5
"40723","blade","NA NA",5
"41023","plate/vase","NA NA",5
"45292","massive","Platygyra pini",5
"46432","branching bush tight medium","Pocillopora damicornis",5
"46534","bush","Pocillopora damicornis",5
"46799","branching stout","Pocillopora grandis",5
"49521","column","Porites NA",5
"52069","branching fine","Seriatopora hystrix",5
"53088","branching stout","Stylophora NA",5
"276","massive","Acanthastrea NA",4
"2955","plate?","Acropora cytherea",4
"3280","plate thick","Acropora digitifera",4
"3289","plate/vase","Acropora digitifera",4
"3680","branching","Acropora echinata",4
"5289","vase","Acropora humilis",4
"5597","plate thick","Acropora hyacinthus",4
"8171","digitate:digitate","Acropora monticulosa",4
"8314","branching","Acropora muricata",4
"8609","arborescent","Acropora NA",4
"8657","branching arborescent thick","Acropora NA",4
"8805","caespitose:caespitose","Acropora NA",4
"8844","encrusting","Acropora NA",4
"8882","massive","Acropora NA",4
"8916","plate/vase","Acropora NA",4
"10411","branching thick","Acropora robusta",4
"11908","Unknown form:Unknown form","Acropora selago",4
"13068","branching thin","Acropora valida",4
"13194","No photo missing transect:No photo missing transect","Acropora valida",4
"15515","phaceloid","Caulastrea NA",4
"16101","column/massive","Coeloseris mayeri",4
"17488","massive","Cyphastrea microphthalma",4
"22746","encrusting","Favites NA",4
"24809","sheet multi-level","Galaxea fascicularis",4
"30454","?","Isopora palifera",4
"30483","blade/frond","Isopora palifera",4
"30602","branching thick","Isopora palifera",4
"30700","encrusting/base","Isopora palifera",4
"30724","frond/plate","Isopora palifera",4
"31721","massive","Leptastrea transversa",4
"33139","branching","Lobophyllia NA",4
"36979","encrusting","Montipora grisea",4
"38715","submassive","Montipora NA",4
"39958","encrusting","Montipora turgescens",4
"40959","encrusting?","NA NA",4
"40970","encrusting/submassive","NA NA",4
"40992","massive/plate","NA NA",4
"40998","No photo missing transect:No photo missing transect","NA NA",4
"41014","plate thick","NA NA",4
"41020","plate?","NA NA",4
"41031","solitary","NA NA",4
"41034","table:table","NA NA",4
"46436","branching bush tight thin-medium","Pocillopora damicornis",4
"47263","frond","Pocillopora meandrina",4
"47674","blade","Pocillopora verrucosa",4
"47775","branching medium","Pocillopora verrucosa",4
"49615","plate","Porites NA",4
"52062","branching bush tight thin","Seriatopora hystrix",4
"53293","?","Stylophora pistillata",4
"53488","bush/frond","Stylophora pistillata",4
"53494","column bush open/frond","Stylophora pistillata",4
"53503","column/frond","Stylophora pistillata",4
"5512","corymbose:corymbose","Acropora hyacinthus",3
"5912","No photo missing transect:No photo missing transect","Acropora intermedia",3
"6516","digitate:digitate","Acropora lutkeni",3
"7117","branching:branching","Acropora milleopora",3
"8610","arborescent :arborescent ","Acropora NA",3
"8654","branching arborescent medium","Acropora NA",3
"8672","branching bush medium tight","Acropora NA",3
"8696","branching bush tight","Acropora NA",3
"8784","branching/corymbose","Acropora NA",3
"8797","branching/plate?","Acropora NA",3
"8824","corymbose?","Acropora NA",3
"8826","corymbose/plate","Acropora NA",3
"8842","digitate/vase","Acropora NA",3
"8867","frond","Acropora NA",3
"8935","wrong intercept:wrong intercept","Acropora NA",3
"9153","corymbose:corymbose","Acropora nana",3
"9274","arborescent table:arborescent table","Acropora nasuta",3
"9969","branching","Acropora pulchra",3
"11648","branching bush fine tight","Acropora selago",3
"11906","table:table","Acropora selago",3
"13847","massive","Astra curta",3
"14178","massive","Astra NA",3
"18112","encrusting","Cyphastrea serailia",3
"18150","massive","Cyphastrea serailia",3
"22122","massive","Favites halicora",3
"24150","solitary","Fungia fungites",3
"24329","branching:branching","Galaxea astreata",3
"24459","plate","Galaxea astreata",3
"24486","Unknown form:Unknown form","Galaxea astreata",3
"24864","branching","Galaxea NA",3
"27355","column/massive","Goniastrea stelligera",3
"29800","blade","Isopora cuneata",3
"30470","blade/blade base","Isopora palifera",3
"30508","branching bush dense","Isopora palifera",3
"30737","No photo missing transect:No photo missing transect","Isopora palifera",3
"35324","encrusting","Montipora corbettensis",3
"35986","encrusting","Montipora effusa",3
"37972","encrusting","Montipora informis",3
"38303","encrusting","Montipora mollis",3
"38649","encrusting/massive","Montipora NA",3
"38675","massive/plate","Montipora NA",3
"40715","?","NA NA",3
"40757","branching arborescent bush medium","NA NA",3
"40829","branching medium-th","NA NA",3
"40855","branching stout/frond","NA NA",3
"40903","branching/plate","NA NA",3
"40966","encrusting/massive","NA NA",3
"41032","submassive","NA NA",3
"43268","encrusting","Pavona venosa",3
"45623","massive","Platygyra sinensis",3
"46376","boxwork/branching medium","Pocillopora damicornis",3
"46490","branching thick","Pocillopora damicornis",3
"47786","branching medium/frond","Pocillopora verrucosa",3
"47806","branching stout/frond","Pocillopora verrucosa",3
"47858","bush","Pocillopora verrucosa",3
"49226","encrusting","Porites lichen",3
"49576","encrusting/submassive","Porites NA",3
"50919","massive","Porites vaughani",3
"53132","branching/bush","Stylophora NA",3
"53322","blade/frond","Stylophora pistillata",3
"53623","","Tridacna NA",3
"337","arborescent table:arborescent table","Acropora abrotanoides",2
"1490","branching:branching","Acropora aspera",2
"2613","plate","Acropora clathrata",2
"2687","branching","Acropora cytherea",2
"2807","branching thin","Acropora cytherea",2
"2932","No photo :No photo ","Acropora cytherea",2
"3309","Wrong intercept:Wrong intercept","Acropora digitifera",2
"3978","arborescent table:arborescent table","Acropora florida",2
"4295","Unknown form:Unknown form","Acropora florida",2
"4519","corymbose:corymbose","Acropora gemmifera",2
"5609","plate/whorl","Acropora hyacinthus",2
"5620","vase","Acropora hyacinthus",2
"5626","Wrong intercept:Wrong intercept","Acropora hyacinthus",2
"5633","arborescent table:arborescent table","Acropora intermedia",2
"5635","arborescent/branching","Acropora intermedia",2
"5950","Unknown form:Unknown form","Acropora intermedia",2
"5997","branching","Acropora latistella",2
"7272","table:table","Acropora milleopora",2
"8441","branching:branching","Acropora muricata",2
"8616","blade","Acropora NA",2
"8651","branching arborescent bush medium ","Acropora NA",2
"8658","branching bottlebrush","Acropora NA",2
"8675","branching bush medium?","Acropora NA",2
"8692","branching bush thicket","Acropora NA",2
"8693","branching bush thin","Acropora NA",2
"8710","branching fine-medium","Acropora NA",2
"8722","branching medium-th","Acropora NA",2
"8727","branching medium?/plate?/vase?","Acropora NA",2
"8740","branching stout-thick","Acropora NA",2
"8757","branching thick medium","Acropora NA",2
"8774","branching?","Acropora NA",2
"8790","branching/frond","Acropora NA",2
"8801","bush?/base","Acropora NA",2
"8829","cuneiform:cuneiform","Acropora NA",2
"8838","digitate/plate","Acropora NA",2
"8840","digitate/plate?","Acropora NA",2
"8843","digitate/vase?","Acropora NA",2
"8909","plate thick/vase","Acropora NA",2
"8911","plate thin","Acropora NA",2
"8920","sheet","Acropora NA",2
"8934","Wrong intercept or transect:Wrong intercept or transect","Acropora NA",2
"9434","branching:branching","Acropora nasuta",2
"9553","No photo missing transect:No photo missing transect","Acropora nasuta",2
"10041","branching medium","Acropora pulchra",2
"10310","branching arborescent open medium","Acropora robusta",2
"10433","branching/bush","Acropora robusta",2
"11470","corymbose:corymbose","Acropora secale",2
"12463","corymbose:corymbose","Acropora tenuis",2
"13232","Unknown form:Unknown form","Acropora valida",2
"14221","submassive","Astra NA",2
"16868","solitary","Ctenactis NA",2
"17423","column/encrusting","Cyphastrea microphthalma",2
"17781","encrusting","Cyphastrea NA",2
"19143","massive","Dipsastraea lizardensis",2
"19474","massive","Dipsastraea matthaii",2
"19899","branching","Dipsastraea pallida",2
"21172","submassive","Favia NA",2
"21223","branching","Favites abdita",2
"21768","encrusting/massive","Favites flexuosa",2
"22827","submassive","Favites NA",2
"24335","branching/bush","Galaxea astreata",2
"24401","encrusting","Galaxea astreata",2
"24660","branching:branching","Galaxea fascicularis",2
"24770","massive","Galaxea fascicularis",2
"24927","branching fine","Galaxea NA",2
"26094","massive","Goniastrea favulus",2
"26519","branching","Goniastrea NA",2
"26718","encrusting","Goniastrea NA",2
"27843","branching","Goniopora NA",2
"29130","?","Hydnophora exesa",2
"29235","branching irregular thin-medium","Hydnophora exesa",2
"29697","encrusting","Hydnophora microconos",2
"30249","branching stout","Isopora NA",2
"30444","Unknown form:Unknown form","Isopora NA",2
"30461","base","Isopora palifera",2
"30467","blade thick","Isopora palifera",2
"30468","blade?","Isopora palifera",2
"30481","blade/encrusting","Isopora palifera",2
"30664","column/frond","Isopora palifera",2
"30694","encrusting base/branching stout","Isopora palifera",2
"30714","frond ","Isopora palifera",2
"30768","sheet thin","Isopora palifera",2
"30771","submassive","Isopora palifera",2
"32052","massive","Leptoria irregularis",2
"33391","phaceloid?","Lobophyllia NA",2
"36317","encrusting","Montipora floweri",2
"37017","massive","Montipora grisea",2
"38435","branching","Montipora NA",2
"38702","plate:plate","Montipora NA",2
"38965","encrusting","Montipora peltiformis",2
"39296","encrusting","Montipora spongodes",2
"39354","plate","Montipora spongodes",2
"40720","arborescent:arborescent","NA NA",2
"40774","branching bush dense thick","NA NA",2
"40777","branching bush medium","NA NA",2
"40873","branching thin-medium","NA NA",2
"40897","branching/frond","NA NA",2
"40906","branching/vase","NA NA",2
"40945","digitate/plate","NA NA",2
"40985","frond/plate","NA NA",2
"40990","massive?","NA NA",2
"41039","vase?","NA NA",2
"44630","massive","Platygyra lamellina",2
"45954","massive","Platygyra verweyi",2
"46327","solitary","Pleuractis paumotensis",2
"46427","branching bush thin","Pocillopora damicornis",2
"46435","branching bush tight thin","Pocillopora damicornis",2
"46456","branching medium-th","Pocillopora damicornis",2
"46636","plate","Pocillopora damicornis",2
"46855","branching/frond","Pocillopora grandis",2
"47475","branching stout/frond","Pocillopora NA",2
"47823","branching thin","Pocillopora verrucosa",2
"47836","branching/bush","Pocillopora verrucosa",2
"47861","bush/frond","Pocillopora verrucosa",2
"48314","submassive","Porites annae",2
"49245","encrusting/submassive","Porites lichen",2
"49320","","Porites NA",2
"49355","boxwork/branching medium","Porites NA",2
"49638","submassive","Porites NA",2
"49642","Unknown form:Unknown form","Porites NA",2
"50257","massive","Porites rus",2
"50845","column","Porites vaughani",2
"52139","branching/bush","Seriatopora hystrix",2
"52337","branching","Seriatopora NA",2
"52867","encrusting","Stylocoeniella armata",2
"53071","branching medium","Stylophora NA",2
"53102","branching stout/frond","Stylophora NA",2
"53236","massive","Stylophora NA",2
"53284","vase","Stylophora NA",2
"53292","","Stylophora pistillata",2
"53367","branching bush open stout","Stylophora pistillata",2
"53413","branching medium/frond","Stylophora pistillata",2
"53435","branching stout/massive","Stylophora pistillata",2
"53446","branching thick/frond","Stylophora pistillata",2
"53463","branching/bush","Stylophora pistillata",2
"53485","bush","Stylophora pistillata",2
"53492","club/frond","Stylophora pistillata",2
"53493","column","Stylophora pistillata",2
"53560","frond thick","Stylophora pistillata",2
"53610","submassive","Stylophora pistillata",2
"497","branching:branching","Acropora abrotanoides",1
"668","arborescent table:arborescent table","Acropora acuminata",1
"765","branching fine + branching medium + branching thick","Acropora acuminata",1
"1314","table:table","Acropora anthocercis",1
"1662","arborescent:arborescent","Acropora austera",1
"2271","No photo missing transect:No photo missing transect","Acropora cerealis",1
"2680","blade/plate?","Acropora cytherea",1
"2810","branching thin/plate","Acropora cytherea",1
"2811","branching thin/plate?","Acropora cytherea",1
"2814","branching:branching","Acropora cytherea",1
"2864","corymbose:corymbose","Acropora cytherea",1
"2868","corymbose/plate","Acropora cytherea",1
"2909","frond","Acropora cytherea",1
"2934","No photo:No photo","Acropora cytherea",1
"2953","plate thin","Acropora cytherea",1
"2972","vase","Acropora cytherea",1
"2974","vase?","Acropora cytherea",1
"2978","Wrong intercept:Wrong intercept","Acropora cytherea",1
"3021","branching (bifrucating)/plate","Acropora digitifera",1
"3032","branching bush","Acropora digitifera",1
"3078","branching bush/plate","Acropora digitifera",1
"3090","branching medium","Acropora digitifera",1
"3129","branching thick","Acropora digitifera",1
"3169","branching/plate","Acropora digitifera",1
"3171","branching/plate/vase","Acropora digitifera",1
"3172","branching/vase","Acropora digitifera",1
"3200","corymbose/vase","Acropora digitifera",1
"3204","digitate medium/plate","Acropora digitifera",1
"3205","digitate medium/vase","Acropora digitifera",1
"3281","plate thick?","Acropora digitifera",1
"3305","vase?","Acropora digitifera",1
"3526","corymbose:corymbose","Acropora divaricata",1
"3617","plate?","Acropora divaricata",1
"3633","Unknown form:Unknown form","Acropora divaricata",1
"3752","branching medium","Acropora echinata",1
"3759","branching medium-thick","Acropora echinata",1
"3760","branching medium-thin","Acropora echinata",1
"3813","branching/bush","Acropora echinata",1
"3857","corymbose:corymbose","Acropora echinata",1
"3924","Missing transect:Missing transect","Acropora echinata",1
"3926","No photo missing transect:No photo missing transect","Acropora echinata",1
"3964","Unknown form:Unknown form","Acropora echinata",1
"4469","branching:branching","Acropora gemmifera",1
"4471","branching?","Acropora gemmifera",1
"4533","digitate?/vase","Acropora gemmifera",1
"4539","digitate/vase","Acropora gemmifera",1
"4588","No photo missing transect:No photo missing transect","Acropora gemmifera",1
"4599","plate","Acropora gemmifera",1
"4624","table:table","Acropora gemmifera",1
"4673","branching","Acropora grandis",1
"4701","branching bush medium-th","Acropora grandis",1
"5111","branching stout/vase","Acropora humilis",1
"5115","branching thick","Acropora humilis",1
"5261","plate","Acropora humilis",1
"5462","branching:branching","Acropora hyacinthus",1
"5486","branching/plate","Acropora hyacinthus",1
"5523","digitate:digitate","Acropora hyacinthus",1
"5528","digitate/plate","Acropora hyacinthus",1
"5593","plate 2-tiered","Acropora hyacinthus",1
"5596","plate large","Acropora hyacinthus",1
"5598","plate thick?","Acropora hyacinthus",1
"5601","plate thin","Acropora hyacinthus",1
"5627","Wrong photo:Wrong photo","Acropora hyacinthus",1
"6174","corymbose:corymbose","Acropora latistella",1
"6279","table:table","Acropora latistella",1
"6295","arborescent table:arborescent table","Acropora lutkeni",1
"6574","No photo missing transect:No photo missing transect","Acropora lutkeni",1
"6627","arborescent:arborescent","Acropora microphthalma",1
"6957","arborescent table:arborescent table","Acropora milleopora",1
"7110","branching thin","Acropora milleopora",1
"7274","Unknown form:Unknown form","Acropora milleopora",1
"7498","corymbose:corymbose","Acropora millepora",1
"7603","table:table","Acropora millepora",1
"7614","","Acropora minuta",1
"7946","?","Acropora monticulosa",1
"7950","arborescent table:arborescent table","Acropora monticulosa",1
"8110","branching:branching","Acropora monticulosa",1
"8265","table:table","Acropora monticulosa",1
"8274","Wrong intercept:Wrong intercept","Acropora monticulosa",1
"8447","branching/bush","Acropora muricata",1
"8611","arborescent table :arborescent table ","Acropora NA",1
"8622","blade?","Acropora NA",1
"8625","blade/branching","Acropora NA",1
"8638","blade/plate?","Acropora NA",1
"8640","bottlebrush?/branching","Acropora NA",1
"8649","branching arborescent bush","Acropora NA",1
"8652","branching arborescent bush medium?","Acropora NA",1
"8653","branching arborescent bush thick","Acropora NA",1
"8663","branching bush dense medium","Acropora NA",1
"8664","branching bush dense small","Acropora NA",1
"8667","branching bush dense thick","Acropora NA",1
"8671","branching bush medium compact","Acropora NA",1
"8674","branching bush medium-thick","Acropora NA",1
"8676","branching bush medium/plate","Acropora NA",1
"8677","branching bush medium/vase?","Acropora NA",1
"8690","branching bush th","Acropora NA",1
"8694","branching bush thin medium","Acropora NA",1
"8697","branching bush tight fine","Acropora NA",1
"8703","branching bush?","Acropora NA",1
"8705","branching bush/plate","Acropora NA",1
"8711","branching fine-medium/plate?","Acropora NA",1
"8714","branching large/plate","Acropora NA",1
"8715","branching long","Acropora NA",1
"8718","branching medium & thick","Acropora NA",1
"8721","branching medium long","Acropora NA",1
"8730","branching medium/plate","Acropora NA",1
"8733","branching small","Acropora NA",1
"8736","branching stout (fused)/plate","Acropora NA",1
"8738","branching stout th","Acropora NA",1
"8752","branching stout/vase","Acropora NA",1
"8755","branching th?","Acropora NA",1
"8758","branching thick very","Acropora NA",1
"8759","branching thick?","Acropora NA",1
"8764","branching thicket","Acropora NA",1
"8771","branching:arborescent","Acropora NA",1
"8773","branching:Unknown form","Acropora NA",1
"8776","branching?/plate?","Acropora NA",1
"8785","branching/corymbose?","Acropora NA",1
"8789","branching/encrusting","Acropora NA",1
"8791","branching/frond/plate","Acropora NA",1
"8799","branching/vase","Acropora NA",1
"8802","bush?/corymbose","Acropora NA",1
"8823","corymbose:No photo","Acropora NA",1
"8825","corymbose/branching medium?","Acropora NA",1
"8828","corymbose/vase (young?)","Acropora NA",1
"8834","digitate?","Acropora NA",1
"8835","digitate?/plate","Acropora NA",1
"8852","encrusting?","Acropora NA",1
"8860","encrusting/plate","Acropora NA",1
"8904","plate anastomosing","Acropora NA",1
"8905","plate anastomosing dense branches","Acropora NA",1
"8908","plate thick?","Acropora NA",1
"8910","plate thick/vase?","Acropora NA",1
"8914","plate/base","Acropora NA",1
"8917","plate/vase thick","Acropora NA",1
"8918","plate/vase?","Acropora NA",1
"8926","table","Acropora NA",1
"8931","vase thick","Acropora NA",1
"8933","vase?/base?","Acropora NA",1
"8937","Wrong photo:Wrong photo","Acropora NA",1
"8976","branching","Acropora nana",1
"9260","Unknown form:Unknown form","Acropora nana",1
"9307","branching","Acropora nasuta",1
"9428","branching thin-medium","Acropora nasuta",1
"9591","Unknown form:Unknown form","Acropora nasuta",1
"9605","arborescent table:arborescent table","Acropora papillare",1
"9937","arborescent:arborescent","Acropora pulchra",1
"10253","Unknown form:Unknown form","Acropora pulchra",1
"10269","arborescent/branching","Acropora robusta",1
"10311","branching arborescent open stout-thick","Acropora robusta",1
"10312","branching arborescent thick","Acropora robusta",1
"10316","branching bush arborescent open stout","Acropora robusta",1
"10346","branching bush thick","Acropora robusta",1
"10409","branching th","Acropora robusta",1
"10445","branching/frond","Acropora robusta",1
"10488","digitate:digitate","Acropora robusta",1
"10546","No photo missing transect:No photo missing transect","Acropora robusta",1
"10547","No photo:No photo","Acropora robusta",1
"10758","branching:branching","Acropora samoensis",1
"11139","corymbose:corymbose","Acropora sarmentosa",1
"11293","branching","Acropora secale",1
"11620","bottlebrush/branching","Acropora selago",1
"11624","branching","Acropora selago",1
"11696","branching medium","Acropora selago",1
"11698","branching medium close packed","Acropora selago",1
"11749","branching tight","Acropora selago",1
"11751","branching:branching","Acropora selago",1
"11821","digitate/vase","Acropora selago",1
"11870","No photo missing transect:No photo missing transect","Acropora selago",1
"11907","tight bush/plate","Acropora selago",1
"12237","table:table","Acropora solitaryensis",1
"12239","Unknown form:Unknown form","Acropora solitaryensis",1
"12568","table:table","Acropora tenuis",1
"12584","arborescent table:arborescent table","Acropora valenciennesi",1
"12617","branching","Acropora valenciennesi",1
"12910","","Acropora valida",1
"12948","branching","Acropora valida",1
"12998","branching bush thin-medium","Acropora valida",1
"13069","branching thin-medium","Acropora valida",1
"13075","branching:branching","Acropora valida",1
"13205","plate","Acropora valida",1
"13386","branching stout/vase","Alveopora NA",1
"13610","branching","Astra curta",1
"13809","encrusting","Astra curta",1
"14509","massive","Astreopora listeri",1
"14840","massive","Astreopora NA",1
"14934","branching","Caulastrea ",1
"15171","massive","Caulastrea ",1
"15833","massive","Coelastrea aspera",1
"15876","submassive","Coelastrea aspera",1
"16494","laminar/whorl","Coscinaraea NA",1
"17199","solitary","Cycloseris NA",1
"17468","encrusting/sheet?","Cyphastrea microphthalma",1
"17500","nodules/submassive","Cyphastrea microphthalma",1
"17531","submassive","Cyphastrea microphthalma",1
"17663","branching medium?","Cyphastrea NA",1
"17798","encrusting/sheet","Cyphastrea NA",1
"18127","encrusting/massive","Cyphastrea serailia",1
"18245","branching ","Dipsastraea heliopora",1
"18482","massive?","Dipsastraea heliopora",1
"18812","massive","Dipsastraea laxa",1
"19805","massive","Dipsastraea NA",1
"20087","digitate:digitate","Dipsastraea pallida",1
"20121","frond","Dipsastraea pallida",1
"20156","plate","Dipsastraea pallida",1
"20429","encrusting","Dipsastraea speciosa",1
"20467","massive","Dipsastraea speciosa",1
"20561","branching","Echinopora horrida",1
"21064","column/encrusting","Favia NA",1
"21106","encrusting/massive","Favia NA",1
"21132","massive/plate","Favia NA",1
"21460","massive","Favites abdita",1
"21480","plate","Favites abdita",1
"22091","encrusting thick/submassive","Favites halicora",1
"22390","column/massive","Favites micropentagonus",1
"22721","column/massive","Favites NA",1
"22752","encrusting thick?","Favites NA",1
"22804","plate","Favites NA",1
"23158","submassive","Favites pentagona",1
"23209","branching","Favites stylifera",1
"24203","branching ","Galaxea astreata",1
"24353","branching/plate","Galaxea astreata",1
"24379","corymbose:corymbose","Galaxea astreata",1
"24420","encrusting/submassive","Galaxea astreata",1
"24424","frond","Galaxea astreata",1
"24425","frond ","Galaxea astreata",1
"24436","hyspidose","Galaxea astreata",1
"24439","massive","Galaxea astreata",1
"24478","sheet multi-level","Galaxea astreata",1
"24481","solitary","Galaxea astreata",1
"24484","table:table","Galaxea astreata",1
"24495","","Galaxea fascicularis",1
"24496","?","Galaxea fascicularis",1
"24529","bottlebrush/branching","Galaxea fascicularis",1
"24534","branching ","Galaxea fascicularis",1
"24678","branching/frond","Galaxea fascicularis",1
"24710","corymbose:corymbose","Galaxea fascicularis",1
"24732","encrusting","Galaxea fascicularis",1
"24749","encrusting/sheet","Galaxea fascicularis",1
"24751","encrusting/submassive","Galaxea fascicularis",1
"24767","hyspidose","Galaxea fascicularis",1
"24785","phaceloid?","Galaxea fascicularis",1
"24818","vase","Galaxea fascicularis",1
"24826","","Galaxea NA",1
"24835","blade","Galaxea NA",1
"24865","branching ","Galaxea NA",1
"25052","digitate:digitate","Galaxea NA",1
"25083","fasciculate","Galaxea NA",1
"25084","fasciculate/plate","Galaxea NA",1
"25087","frond ","Galaxea NA",1
"25118","phaceloid/sheet","Galaxea NA",1
"25120","phaceloid/submassive","Galaxea NA",1
"25121","plate","Galaxea NA",1
"25148","Unknown form:Unknown form","Galaxea NA",1
"25394","encrusting","Gardineroseris planulata",1
"25432","massive","Gardineroseris planulata",1
"25740","encrusting/massive","Goniastrea edwardsi",1
"26425","massive","Goniastrea minuta",1
"26490","blade","Goniastrea NA",1
"26776","plate","Goniastrea NA",1
"26787","plate?","Goniastrea NA",1
"26801","table:table","Goniastrea NA",1
"26850","branching","Goniastrea retiformis",1
"27024","column/massive","Goniastrea retiformis",1
"27314","branching/bush","Goniastrea stelligera",1
"27332","branching/plate","Goniastrea stelligera",1
"27344","column","Goniastrea stelligera",1
"27461","submassive","Goniastrea stelligera",1
"27463","table:table","Goniastrea stelligera",1
"27749","massive","Goniopora djiboutiensis",1
"28050","encrusting?","Goniopora NA",1
"28080","massive","Goniopora NA",1
"28174","branching","Goniopora pandorensis",1
"28742","massive","Goniopora pedunculata",1
"29010","column/massive","Goniopora tenuidens",1
"29167","branching","Hydnophora exesa",1
"29234","branching irregular medium","Hydnophora exesa",1
"29297","branching?/encrusting","Hydnophora exesa",1
"29381","encrusting/massive","Hydnophora exesa",1
"29404","massive","Hydnophora exesa",1
"29636","branching/column","Hydnophora microconos",1
"29778","submassive","Hydnophora microconos",1
"29805","blade thick","Isopora cuneata",1
"29918","branching stout","Isopora cuneata",1
"29927","branching stout/blade stout","Isopora cuneata",1
"30013","cuneiform:cuneiform","Isopora cuneata",1
"30086","plate","Isopora cuneata",1
"30113","Unknown form:Unknown form","Isopora cuneata",1
"30131","blade","Isopora NA",1
"30359","encrusting","Isopora NA",1
"30458","arborescent table:arborescent table","Isopora palifera",1
"30459","arborescent:arborescent","Isopora palifera",1
"30463","blade ","Isopora palifera",1
"30464","blade base","Isopora palifera",1
"30469","blade/base","Isopora palifera",1
"30471","blade/branching","Isopora palifera",1
"30474","blade/branching stout/column","Isopora palifera",1
"30476","blade/branching thin","Isopora palifera",1
"30480","blade/column thin","Isopora palifera",1
"30590","branching stout/club","Isopora palifera",1
"30593","branching stout/encrusting base","Isopora palifera",1
"30656","column th","Isopora palifera",1
"30658","column thick/branching stout","Isopora palifera",1
"30661","column/branching stout","Isopora palifera",1
"30716","frond open","Isopora palifera",1
"30736","No photo :No photo ","Isopora palifera",1
"30738","No photo:No photo","Isopora palifera",1
"30748","plate","Isopora palifera",1
"30790","arborescent:arborescent","Isopora togianensis",1
"31390","massive","Leptastrea NA",1
"32072","plate","Leptoria irregularis",1
"32309","column","Leptoria phrygia",1
"32320","column/massive","Leptoria phrygia",1
"32350","encrusting multi-level","Leptoria phrygia",1
"32353","encrusting?","Leptoria phrygia",1
"32403","plate","Leptoria phrygia",1
"32716","massive/phaceloid","Lobophyllia corymbosa",1
"32808","branching","Lobophyllia hemprichii",1
"32957","branching/phaceloid","Lobophyllia hemprichii",1
"32977","column/base","Lobophyllia hemprichii",1
"33110","blade","Lobophyllia NA",1
"33377","massive?","Lobophyllia NA",1
"33390","phaceloid fragment","Lobophyllia NA",1
"33417","sheet/whorl","Lobophyllia NA",1
"33470","branching","Lobophyllia recta",1
"33692","frond","Lobophyllia recta",1
"34058","plate","Merulina ampliata",1
"34389","plate","Montipora aequituberculata",1
"34662","encrusting","Montipora calcarea",1
"34743","submassive","Montipora calcarea",1
"34993","encrusting","Montipora caliculata",1
"35031","massive","Montipora caliculata",1
"35340","encrusting/plate","Montipora corbettensis",1
"35655","encrusting","Montipora efflorescens",1
"36067","submassive","Montipora effusa",1
"36648","encrusting","Montipora foveolata",1
"36729","submassive","Montipora foveolata",1
"36981","encrusting at edges/massive","Montipora grisea",1
"37310","encrusting","Montipora hispida",1
"37641","encrusting","Montipora hoffmeisteri",1
"37735","","Montipora informis",1
"37987","encrusting/massive","Montipora informis",1
"37991","encrusting/submassive","Montipora informis",1
"38030","plate","Montipora informis",1
"38053","submassive","Montipora informis",1
"38361","plate","Montipora mollis",1
"38384","submassive","Montipora mollis",1
"38397","","Montipora NA",1
"38589","branching/vase","Montipora NA",1
"38642","encrusting?","Montipora NA",1
"38650","encrusting/plate","Montipora NA",1
"38670","laminar","Montipora NA",1
"39023","plate","Montipora peltiformis",1
"39627","encrusting","Montipora tuberculosa",1
"39685","plate","Montipora tuberculosa",1
"39974","encrusting/plate","Montipora turgescens",1
"39977","encrusting/submassive","Montipora turgescens",1
"39981","frond","Montipora turgescens",1
"39999","massive/plate","Montipora turgescens",1
"40039","submassive","Montipora turgescens",1
"40347","plate","Montipora turtlensis",1
"40678","plate","Montipora venosa",1
"40724","blade ","NA NA",1
"40732","blade/branching","NA NA",1
"40742","blade/encrusting","NA NA",1
"40746","bottlebrush","NA NA",1
"40748","bottlebrush/branching","NA NA",1
"40749","boxwork/branching medium","NA NA",1
"40759","branching arborescent bush medium?","NA NA",1
"40767","branching bush (vase shaped)","NA NA",1
"40769","branching bush dense","NA NA",1
"40770","branching bush dense medium","NA NA",1
"40772","branching bush dense stout","NA NA",1
"40775","branching bush dense thin","NA NA",1
"40782","branching bush medium?","NA NA",1
"40792","branching bush open th","NA NA",1
"40793","branching bush open thick","NA NA",1
"40796","branching bush stout dense","NA NA",1
"40807","branching bush tight th","NA NA",1
"40813","branching bush/vase","NA NA",1
"40814","branching dense thicket thick","NA NA",1
"40815","branching fine","NA NA",1
"40827","branching medium irregular","NA NA",1
"40831","branching medium-thick","NA NA",1
"40837","branching medium/plate","NA NA",1
"40842","branching stout ","NA NA",1
"40859","branching stout/vase","NA NA",1
"40869","branching thick/plate","NA NA",1
"40870","branching thick/vase","NA NA",1
"40884","branching/boxwork","NA NA",1
"40886","branching/bush/digitate/plate","NA NA",1
"40888","branching/bush/plate","NA NA",1
"40893","branching/corymbose/plate","NA NA",1
"40894","branching/digitate/plate","NA NA",1
"40895","branching/digitate/vase","NA NA",1
"40896","branching/encrusting","NA NA",1
"40899","branching/massive","NA NA",1
"40900","branching/massive/plate","NA NA",1
"40902","branching/phaceloid?","NA NA",1
"40904","branching/plate?","NA NA",1
"40907","bush","NA NA",1
"40910","bush/frond","NA NA",1
"40912","caespitose:caespitose","NA NA",1
"40915","column","NA NA",1
"40925","column/frond","NA NA",1
"40929","corymbose:corymbose","NA NA",1
"40937","digitate","NA NA",1
"40940","digitate:digitate","NA NA",1
"40946","digitate/plate (w/fingers)","NA NA",1
"40947","digitate/plate?","NA NA",1
"40948","digitate/plate/vase","NA NA",1
"40967","encrusting/plate","NA NA",1
"40968","encrusting/sheet","NA NA",1
"40969","encrusting/sheet?","NA NA",1
"40973","flabello-meandroid?/phaceloid?","NA NA",1
"40983","frond thin/plate","NA NA",1
"40984","frond?","NA NA",1
"40987","laminar","NA NA",1
"40993","massive/submassive","NA NA",1
"40994","massive/vase","NA NA",1
"40995","massive/vase?","NA NA",1
"40997","No photo :No photo ","NA NA",1
"41000","nodules?","NA NA",1
"41004","phaceloid?","NA NA",1
"41005","phaceloid?/solitary?","NA NA",1
"41015","plate thick?","NA NA",1
"41022","plate/sheet","NA NA",1
"41027","sheet","NA NA",1
"41258","column/massive?","Pavona clavus",1
"41577","column","Pavona duerdeni",1
"41651","massive","Pavona duerdeni",1
"41953","encrusting?/frond?","Pavona explanulata",1
"41982","massive","Pavona explanulata",1
"42313","massive","Pavona maldivensis",1
"42606","encrusting","Pavona NA",1
"42664","plate","Pavona NA",1
"42685","sheet/whorl","Pavona NA",1
"42937","encrusting","Pavona varians",1
"43637","massive","Platygyra acuta",1
"43968","massive","Platygyra contorta",1
"44342","submassive","Platygyra daedalea",1
"44869","branching/frond","Platygyra NA",1
"44898","column/massive","Platygyra NA",1
"46341","","Pocillopora damicornis",1
"46353","blade stout","Pocillopora damicornis",1
"46378","boxwork/branching thin-medium","Pocillopora damicornis",1
"46381","branching  ","Pocillopora damicornis",1
"46393","branching bush","Pocillopora damicornis",1
"46400","branching bush dense stout tight","Pocillopora damicornis",1
"46413","branching bush open medium-th","Pocillopora damicornis",1
"46414","branching bush open medium-thick","Pocillopora damicornis",1
"46420","branching bush open thick","Pocillopora damicornis",1
"46433","branching bush tight medium-thick","Pocillopora damicornis",1
"46482","branching stout/frond","Pocillopora damicornis",1
"46484","branching stout/massive","Pocillopora damicornis",1
"46524","branching/frond","Pocillopora damicornis",1
"46601","frond","Pocillopora damicornis",1
"46607","frond small","Pocillopora damicornis",1
"46681","blade","Pocillopora grandis",1
"46845","branching/bush/frond","Pocillopora grandis",1
"47077","branching bush open medium/frond","Pocillopora meandrina",1
"47144","branching stout/frond","Pocillopora meandrina",1
"47334","","Pocillopora NA",1
"47352","blade/branching","Pocillopora NA",1
"47444","branching medium","Pocillopora NA",1
"47468","branching stout?","Pocillopora NA",1
"47483","branching thick","Pocillopora NA",1
"47507","branching/bush/frond","Pocillopora NA",1
"47527","bush","Pocillopora NA",1
"47531","bush/plate","Pocillopora NA",1
"47609","massive","Pocillopora NA",1
"47689","blade/bush","Pocillopora verrucosa",1
"47708","branching arborescent bush medium","Pocillopora verrucosa",1
"47787","branching medium/frond small","Pocillopora verrucosa",1
"47814","branching thick","Pocillopora verrucosa",1
"47930","frond open bush small","Pocillopora verrucosa",1
"47931","frond small","Pocillopora verrucosa",1
"48181","branching/massive","Porites annae",1
"48203","column/base","Porites annae",1
"48233","encrusting","Porites annae",1
"48271","massive","Porites annae",1
"48304","plate/sheet","Porites annae",1
"48365","branching","Porites cumulatus",1
"48783","branching rounded thin","Porites cylindrica",1
"48841","branching/frond","Porites cylindrica",1
"48889","digitate/plate","Porites cylindrica",1
"49241","encrusting/massive","Porites lichen",1
"49242","encrusting/plate","Porites lichen",1
"49262","laminar","Porites lichen",1
"49264","massive","Porites lichen",1
"49302","sheet","Porites lichen",1
"49304","sheet thin","Porites lichen",1
"49359","branching ","Porites NA",1
"49430","branching medium","Porites NA",1
"49436","branching medium-th/massive?","Porites NA",1
"49447","branching stout","Porites NA",1
"49473","branching thick/encrusting/massive","Porites NA",1
"49502","branching/encrusting","Porites NA",1
"49526","column?","Porites NA",1
"49530","column/encrusting","Porites NA",1
"49550","digitate/encrusting/plate","Porites NA",1
"49551","digitate/plate","Porites NA",1
"49558","encrusting ","Porites NA",1
"49562","encrusting multi-level","Porites NA",1
"49569","encrusting/knobs/massive","Porites NA",1
"49570","encrusting/laminar","Porites NA",1
"49571","encrusting/laminar?","Porites NA",1
"49573","encrusting/plate","Porites NA",1
"49643","vase","Porites NA",1
"49824","branching/bush/frond","Porites nigrescens",1
"49911","frond","Porites nigrescens",1
"49946","plate","Porites nigrescens",1
"50194","column/massive","Porites rus",1
"50219","encrusting","Porites rus",1
"50588","massive","Porites solida",1
"50631","submassive","Porites solida",1
"50653","blade","Porites vaughani",1
"50786","branching stout/frond/submassive","Porites vaughani",1
"50856","column/massive","Porites vaughani",1
"50858","column/submassive","Porites vaughani",1
"50915","frond/plate","Porites vaughani",1
"50939","plate","Porites vaughani",1
"51176","column","Psammocora digitata",1
"51181","column?","Psammocora digitata",1
"51562","encrusting/submassive","Psammocora haimiana",1
"51874","encrusting","Psammocora profoundacella",1
"51882","encrusting?","Psammocora profoundacella",1
"51912","massive","Psammocora profoundacella",1
"52004","boxwork/branching thin","Seriatopora hystrix",1
"52054","branching bush thin","Seriatopora hystrix",1
"52078","branching medium","Seriatopora hystrix",1
"52161","bush","Seriatopora hystrix",1
"52457","branching thin","Seriatopora NA",1
"52536","encrusting","Seriatopora NA",1
"52815","branching/massive","Stylocoeniella armata",1
"53070","branching massive","Stylophora NA",1
"53085","branching rounded medium","Stylophora NA",1
"53093","branching stout thick","Stylophora NA",1
"53283","Unknown form:Unknown form","Stylophora NA",1
"53304","blade stout","Stylophora pistillata",1
"53305","blade stout/frond","Stylophora pistillata",1
"53310","blade/branching","Stylophora pistillata",1
"53317","blade/column","Stylophora pistillata",1
"53344","branching bush","Stylophora pistillata",1
"53363","branching bush open medium","Stylophora pistillata",1
"53368","branching bush open stout-thick","Stylophora pistillata",1
"53369","branching bush open stout/frond","Stylophora pistillata",1
"53371","branching bush open thick","Stylophora pistillata",1
"53372","branching bush open/club","Stylophora pistillata",1
"53389","branching bush/club short","Stylophora pistillata",1
"53422","branching stout medium","Stylophora pistillata",1
"53427","branching stout/blade","Stylophora pistillata",1
"53431","branching stout/column bush/frond","Stylophora pistillata",1
"53436","branching stout/submassive","Stylophora pistillata",1
"53438","branching stout/vase!","Stylophora pistillata",1
"53452","branching thin-stout","Stylophora pistillata",1
"53457","branching:branching","Stylophora pistillata",1
"53467","branching/club","Stylophora pistillata",1
"53491","club","Stylophora pistillata",1
"53496","column thick","Stylophora pistillata",1
"53500","column/branching stout","Stylophora pistillata",1
"53501","column/branching thick","Stylophora pistillata",1
"53529","encrusting","Stylophora pistillata",1
"53540","encrusting/frond","Stylophora pistillata",1
"53553","frond ","Stylophora pistillata",1
"53554","frond medium","Stylophora pistillata",1
"53559","frond stout","Stylophora pistillata",1
"53567","massive","Stylophora pistillata",1
"53587","plate","Stylophora pistillata",1
"53955","?","Turbinaria NA",1
"54249","plate","Turbinaria NA",1
