"","growth assess","species","count","growth.form"
"52948","Unknown form:Unknown form","Acropora NA",425,"unknown"
"6215","branching","Acropora NA",412,"branching"
"1463","blade","Isopora palifera",381,"branching_stout"
"27024","branching:branching","Acropora NA",274,"branching"
"20780","branching stout","Isopora palifera",270,"branching_stout"
"48350","plate","Acropora hyacinthus",260,"table_plate_laminar"
"18034","branching medium","Acropora NA",215,"branching"
"52414","table:table","Acropora hyacinthus",176,"table_plate_laminar"
"17901","branching medium","Pocillopora damicornis",143,"branching"
"42576","frond","Stylophora pistillata",142,"branching_stout"
"20735","branching stout","Stylophora pistillata",141,"branching_stout"
"52376","table:table","Acropora NA",140,"table_plate_laminar"
"45018","massive","Porites NA",139,"massive_columnar_submassive"
"879","arborescent:arborescent","Acropora NA",108,"branching"
"48261","plate","Acropora cytherea",108,"table_plate_laminar"
"42582","frond","Isopora palifera",92,"branching_stout"
"48335","plate","Acropora NA",92,"table_plate_laminar"
"25636","branching thin","Seriatopora hystrix",88,"branching"
"6219","branching","Pocillopora damicornis",85,"branching"
"6148","branching","Stylophora pistillata",80,"branching"
"52325","table:table","Acropora cytherea",74,"table_plate_laminar"
"6209","branching","NA NA",69,"branching"
"45038","massive","NA NA",69,"massive_columnar_submassive"
"6136","branching","Isopora palifera",66,"branching"
"25648","branching thin","Acropora NA",65,"branching"
"46453","No photo missing transect:No photo missing transect","Acropora NA",61,"branching"
"6161","branching","Seriatopora hystrix",60,"branching"
"52863","Unknown form:Unknown form","Acropora hyacinthus",59,"unknown"
"35226","corymbose:corymbose","Acropora NA",58,"branching"
"52836","Unknown form:Unknown form","Acropora digitifera",55,"unknown"
"46516","No photo missing transect:No photo missing transect","Acropora hyacinthus",52,"branching"
"6232","branching","Porites NA",43,"branching"
"6190","branching","Pocillopora NA",42,"branching"
"47181","phaceloid","Galaxea fascicularis",40,"massive_columnar_submassive"
"10329","branching bush medium","Acropora NA",39,"branching"
"47119","phaceloid","Galaxea NA",38,"massive_columnar_submassive"
"32883","column","Isopora palifera",37,"massive_columnar_submassive"
"36982","digitate:digitate","Acropora humilis",37,"branching"
"53112","vase","Acropora NA",37,"massive_columnar_submassive"
"2974","blade/branching stout ","Isopora palifera",36,"branching_stout"
"37016","digitate:digitate","Acropora NA",36,"branching"
"6081","branching","Pocillopora verrucosa",35,"branching"
"47187","phaceloid","Lobophyllia NA",35,"massive_columnar_submassive"
"38757","encrusting","Montipora NA",34,"encrusting"
"47464","phaceloid/sheet","Galaxea fascicularis",33,"massive_columnar_submassive"
"51025","plateunknown","Acropora NA",33,"table_plate_laminar"
"52962","Unknown form:Unknown form","Isopora palifera",33,"unknown"
"27545","branching/bush","Acropora NA",32,"branching"
"758","arborescent table:arborescent table","Acropora NA",31,"unknown"
"29496","branching/frond","Isopora palifera",30,"branching_stout"
"52827","Unknown form:Unknown form","Acropora gemmifera",30,"unknown"
"52903","Unknown form:Unknown form","NA NA",29,"unknown"
"1824","blade stout","Isopora cuneata",28,"branching_stout"
"25601","branching thin","Pocillopora damicornis",28,"branching"
"52324","table:table","Acropora digitifera",28,"table_plate_laminar"
"24211","branching thick","Acropora NA",27,"branching"
"22924","branching stout/frond","Isopora palifera",26,"branching_stout"
"45068","massive","Favia NA",26,"massive_columnar_submassive"
"3789","blade/column","Isopora palifera",25,"branching_stout"
"34542","column/massive","Porites NA",24,"massive_columnar_submassive"
"44960","massive","Goniastrea retiformis",24,"massive_columnar_submassive"
"22816","branching stout/frond","Stylophora pistillata",23,"branching_stout"
"48296","plate","NA NA",23,"table_plate_laminar"
"8444","branching bush","Acropora NA",22,"branching"
"52669","unknown","Acropora NA",22,"unknown"
"52975","vase","Acropora digitifera",22,"massive_columnar_submassive"
"833","arborescent:arborescent","Acropora robusta",21,"branching"
"35189","corymbose:corymbose","Acropora digitifera",21,"branching"
"6167","branching","Acropora robusta",20,"branching"
"52941","Unknown form:Unknown form","Acropora robusta",20,"unknown"
"25843","branching thin-medium","Pocillopora damicornis",19,"branching"
"27442","branching/bush","NA NA",19,"branching"
"37012","digitate:digitate","Acropora gemmifera",19,"branching"
"42480","frond","Pocillopora grandis",19,"branching_stout"
"2858","blade/branching stout","Isopora palifera",18,"branching_stout"
"26943","branching:branching","Acropora robusta",18,"branching"
"45090","massive","Leptoria phrygia",18,"massive_columnar_submassive"
"46444","No photo missing transect:No photo missing transect","Acropora digitifera",18,"branching"
"692","arborescent table:arborescent table","Acropora robusta",16,"unknown"
"4586","blade/encrusting base","Isopora palifera",16,"branching_stout"
"20679","branching stout","NA NA",16,"branching_stout"
"29437","branching/frond","Stylophora pistillata",16,"branching_stout"
"35121","corymbose:corymbose","Acropora nasuta",16,"branching"
"39276","encrusting base","Isopora palifera",16,"encrusting"
"45031","massive","Montipora NA",16,"massive_columnar_submassive"
"53136","vase","NA NA",16,"massive_columnar_submassive"
"105","","Acropora NA",15,"unknown"
"7631","branching arborescent medium","Acropora robusta",15,"branching"
"17905","branching medium","NA NA",15,"branching"
"30416","branching/plate","Acropora NA",15,"unknown"
"27404","branching/bush","Pocillopora damicornis",14,"branching"
"38739","encrusting","NA NA",14,"encrusting"
"42531","frond","Pocillopora verrucosa",14,"branching_stout"
"44957","massive","Hydnophora microconos",14,"massive_columnar_submassive"
"38738","encrusting","Porites NA",13,"encrusting"
"44946","massive","Platygyra daedalea",13,"massive_columnar_submassive"
"44965","massive","Favites NA",13,"massive_columnar_submassive"
"47125","phaceloid","NA NA",13,"massive_columnar_submassive"
"81","","Isopora palifera",12,"unknown"
"24123","branching thick","NA NA",12,"branching"
"25880","branching thin-medium","Acropora NA",12,"branching"
"37025","digitate:digitate","Acropora digitifera",12,"branching"
"38841","encrusting","Cyphastrea microphthalma",12,"encrusting"
"48264","plate","Acropora digitifera",12,"table_plate_laminar"
"1343","blade","Stylophora pistillata",11,"branching_stout"
"1805","blade stout","Isopora palifera",11,"branching_stout"
"13186","branching bush small","Acropora NA",11,"branching"
"22368","branching stout/column","Isopora palifera",11,"branching_stout"
"42493","frond","Pocillopora NA",11,"branching_stout"
"48307","plate","Montipora NA",11,"table_plate_laminar"
"50432","plate/vase","Acropora hyacinthus",11,"unknown"
"52845","Unknown form:Unknown form","Acropora cytherea",11,"unknown"
"53103","vase","Acropora gemmifera",11,"massive_columnar_submassive"
"20704","branching stout","Pocillopora NA",10,"branching_stout"
"36272","cuneiform:cuneiform","Isopora palifera",10,"massive_columnar_submassive"
"44949","massive","Goniastrea NA",10,"massive_columnar_submassive"
"45000","massive","Platygyra NA",10,"massive_columnar_submassive"
"47559","phaceloid/sheet","Galaxea astreata",10,"massive_columnar_submassive"
"715","arborescent table:arborescent table","Acropora digitifera",9,"unknown"
"3987","blade/column thick","Isopora palifera",9,"branching_stout"
"6117","branching","Acropora intermedia",9,"branching"
"6913","branching arborescent bush medium","Acropora NA",9,"branching"
"11547","branching bush open medium","Pocillopora damicornis",9,"branching"
"16529","branching fine","Acropora NA",9,"branching"
"27534","branching/bush","Pocillopora NA",9,"branching"
"42514","frond","NA NA",9,"branching_stout"
"43257","frond open bush","Stylophora pistillata",9,"branching"
"51015","plateunknown","Acropora hyacinthus",9,"table_plate_laminar"
"53980","Wrong intercept:Wrong intercept","Acropora NA",9,"branching"
"884","arborescent:arborescent","Acropora muricata",8,"branching"
"936","arborescent:arborescent","Acropora intermedia",8,"branching"
"17884","branching medium","Stylophora pistillata",8,"branching"
"17956","branching medium","Acropora milleopora",8,"branching"
"29413","branching/frond","Pocillopora NA",8,"branching_stout"
"33425","column thick","Isopora palifera",8,"branching_stout"
"44594","hyspidose","Acropora NA",8,"branching"
"47220","phaceloid","Lobophyllia corymbosa",8,"massive_columnar_submassive"
"53463","vaseunknown","Acropora NA",8,"massive_columnar_submassive"
"3418","blade/branching stout/frond","Isopora palifera",7,"branching_stout"
"6077","branching","Galaxea fascicularis",7,"branching"
"6137","branching","Galaxea astreata",7,"branching"
"6203","branching","Pocillopora grandis",7,"branching"
"6377","branching ","Acropora NA",7,"branching"
"8450","branching bush","NA NA",7,"branching"
"13756","branching bush thick","Acropora NA",7,"branching"
"16475","branching fine","Seriatopora NA",7,"branching"
"19092","branching medium-thick","Acropora NA",7,"branching"
"24260","branching thick","Stylophora pistillata",7,"branching"
"25685","branching thin","NA NA",7,"branching"
"26905","branching:branching","Acropora intermedia",7,"branching"
"27005","branching:branching","Acropora digitifera",7,"branching"
"34525","column/massive","NA NA",7,"massive_columnar_submassive"
"35161","corymbose:corymbose","Acropora milleopora",7,"branching"
"35181","corymbose:corymbose","Acropora valida",7,"branching"
"37962","digitate/vase","Acropora digitifera",7,"branching"
"44956","massive","Coeloseris mayeri",7,"massive_columnar_submassive"
"45071","massive","Cyphastrea NA",7,"massive_columnar_submassive"
"47108","phaceloid","Galaxea astreata",7,"massive_columnar_submassive"
"47626","phaceloid/sheet multi-level","Galaxea fascicularis",7,"massive_columnar_submassive"
"48262","plate","Porites lichen",7,"table_plate_laminar"
"52937","Unknown form:Unknown form","Galaxea fascicularis",7,"unknown"
"6183","branching","Stylophora NA",6,"branching"
"10321","branching bush medium","Pocillopora damicornis",6,"branching"
"17947","branching medium","Acropora robusta",6,"branching"
"18026","branching medium","Acropora valida",6,"branching"
"19162","branching medium-thick","Pocillopora damicornis",6,"branching"
"20680","branching stout","Pocillopora verrucosa",6,"branching_stout"
"20720","branching stout","Acropora NA",6,"branching_stout"
"20748","branching stout","Pocillopora damicornis",6,"branching_stout"
"35139","corymbose:corymbose","Acropora cerealis",6,"branching"
"35164","corymbose:corymbose","Acropora selago",6,"branching"
"38823","encrusting","Favia NA",6,"encrusting"
"40944","encrusting/massive","Porites NA",6,"unknown"
"44984","massive","Favites pentagona",6,"massive_columnar_submassive"
"45028","massive","Lobophyllia NA",6,"massive_columnar_submassive"
"45095","massive","Dipsastraea pallida",6,"massive_columnar_submassive"
"45163","massive/phaceloid","Lobophyllia NA",6,"massive_columnar_submassive"
"46278","No photo :No photo ","Acropora NA",6,"unknown"
"48334","plate","Galaxea fascicularis",6,"table_plate_laminar"
"51829","solitary","Fungi NA",6,"unknown"
"96","","NA NA",5,"unknown"
"1465","blade","NA NA",5,"branching_stout"
"14803","branching bush tight medium","Pocillopora damicornis",5,"branching"
"16510","branching fine","Seriatopora hystrix",5,"branching"
"17969","branching medium","Acropora nasuta",5,"branching"
"19945","branching mediumunknown","Acropora NA",5,"branching"
"20686","branching stout","Pocillopora grandis",5,"branching_stout"
"20728","branching stout","Stylophora NA",5,"branching_stout"
"20778","branching stout","Acropora robusta",5,"branching_stout"
"31506","bush","Pocillopora damicornis",5,"branching"
"32855","column","Porites NA",5,"massive_columnar_submassive"
"36369","cuneiform:cuneiform","Isopora NA",5,"massive_columnar_submassive"
"37337","digitate/plate","Acropora digitifera",5,"branching"
"44939","massive","Goniastrea stelligera",5,"massive_columnar_submassive"
"44973","massive","Goniastrea edwardsi",5,"massive_columnar_submassive"
"45035","massive","Platygyra pini",5,"massive_columnar_submassive"
"46461","No photo missing transect:No photo missing transect","Acropora cytherea",5,"branching"
"46644","No photo:No photo","Acropora NA",5,"unknown"
"49197","plate thick","Acropora NA",5,"table_plate_laminar"
"50418","plate/vase","NA NA",5,"unknown"
"51277","sheet","Galaxea fascicularis",5,"massive_columnar_submassive"
"51315","sheet","Galaxea astreata",5,"massive_columnar_submassive"
"52161","table","Acropora clathrata",5,"table_plate_laminar"
"52365","table:table","Acropora clathrata",5,"table_plate_laminar"
"52910","Unknown form:Unknown form","Acropora monticulosa",5,"unknown"
"324","arborescent","Acropora NA",4,"branching"
"1475","blade","Pocillopora verrucosa",4,"branching_stout"
"4707","blade/frond","Isopora palifera",4,"branching_stout"
"6082","branching","Acropora echinata",4,"branching"
"6129","branching","Acropora muricata",4,"branching"
"6166","branching","Lobophyllia NA",4,"branching"
"8133","branching arborescent thick","Acropora NA",4,"branching"
"15288","branching bush tight thin","Seriatopora hystrix",4,"branching"
"15496","branching bush tight thin-medium","Pocillopora damicornis",4,"branching"
"17927","branching medium","Pocillopora verrucosa",4,"branching"
"24169","branching thick","Isopora palifera",4,"branching"
"24176","branching thick","Acropora robusta",4,"branching"
"25715","branching thin","Acropora valida",4,"branching"
"31765","bush/frond","Stylophora pistillata",4,"branching"
"32471","caespitose:caespitose","Acropora NA",4,"branching"
"33113","column bush open/frond","Stylophora pistillata",4,"branching"
"34287","column/frond","Stylophora pistillata",4,"branching_stout"
"34507","column/massive","Coeloseris mayeri",4,"massive_columnar_submassive"
"36965","digitate:digitate","Acropora monticulosa",4,"branching"
"38812","encrusting","Montipora turgescens",4,"encrusting"
"38819","encrusting","Favites NA",4,"encrusting"
"38854","encrusting","Acropora NA",4,"encrusting"
"38855","encrusting","Montipora grisea",4,"encrusting"
"40056","encrusting/base","Isopora palifera",4,"encrusting"
"41500","encrusting/submassive","NA NA",4,"encrusting"
"41750","encrustingunknown","NA NA",4,"encrusting"
"42496","frond","Pocillopora meandrina",4,"branching_stout"
"44247","frond/plate","Isopora palifera",4,"unknown"
"44947","massive","Leptastrea transversa",4,"massive_columnar_submassive"
"45023","massive","Cyphastrea microphthalma",4,"massive_columnar_submassive"
"45025","massive","Acanthastrea NA",4,"massive_columnar_submassive"
"45081","massive","Acropora NA",4,"massive_columnar_submassive"
"45321","massive/plate","NA NA",4,"unknown"
"46460","No photo missing transect:No photo missing transect","NA NA",4,"branching"
"46481","No photo missing transect:No photo missing transect","Acropora valida",4,"branching"
"47081","phaceloid","Caulastrea NA",4,"massive_columnar_submassive"
"48242","plate","Porites NA",4,"table_plate_laminar"
"49080","plate thick","Acropora digitifera",4,"table_plate_laminar"
"49152","plate thick","NA NA",4,"table_plate_laminar"
"49170","plate thick","Acropora hyacinthus",4,"table_plate_laminar"
"50352","plate/vase","Acropora digitifera",4,"unknown"
"50425","plate/vase","Acropora NA",4,"unknown"
"51008","plateunknown","NA NA",4,"table_plate_laminar"
"51079","plateunknown","Acropora cytherea",4,"table_plate_laminar"
"51373","sheet multi-level","Galaxea fascicularis",4,"table_plate_laminar"
"51883","solitary","NA NA",4,"unknown"
"52007","submassive","Montipora NA",4,"unknown"
"52442","table:table","NA NA",4,"table_plate_laminar"
"52766","unknown","Isopora palifera",4,"unknown"
"52793","unknown","Stylophora pistillata",4,"unknown"
"52888","Unknown form:Unknown form","Acropora selago",4,"unknown"
"53074","vase","Acropora humilis",4,"massive_columnar_submassive"
"45","","Tridacna NA",3,"unknown"
"431","arborescent :arborescent ","Acropora NA",3,"branching"
"730","arborescent table:arborescent table","Acropora nasuta",3,"unknown"
"1336","blade","Isopora cuneata",3,"branching_stout"
"2613","blade/blade base","Isopora palifera",3,"branching_stout"
"4682","blade/frond","Stylophora pistillata",3,"branching_stout"
"5611","boxwork/branching medium","Pocillopora damicornis",3,"branching"
"6122","branching","Acropora pulchra",3,"branching"
"6225","branching","Galaxea NA",3,"branching"
"6945","branching arborescent bush medium","NA NA",3,"branching"
"7705","branching arborescent medium","Acropora NA",3,"branching"
"8898","branching bush dense","Isopora palifera",3,"branching"
"10067","branching bush fine tight","Acropora selago",3,"branching"
"10656","branching bush medium tight","Acropora NA",3,"branching"
"14458","branching bush tight","Acropora NA",3,"branching"
"18757","branching medium-th","NA NA",3,"branching"
"19475","branching medium/frond","Pocillopora verrucosa",3,"branching"
"22917","branching stout/frond","NA NA",3,"branching_stout"
"22923","branching stout/frond","Pocillopora verrucosa",3,"branching_stout"
"24134","branching thick","Pocillopora damicornis",3,"branching"
"26918","branching:branching","Acropora milleopora",3,"branching"
"26932","branching:branching","Galaxea astreata",3,"branching"
"27486","branching/bush","Stylophora NA",3,"branching"
"28462","branching/corymbose","Acropora NA",3,"branching"
"30381","branching/plate","NA NA",3,"unknown"
"30670","branching/plateunknown","Acropora NA",3,"unknown"
"31531","bush","Pocillopora verrucosa",3,"branching"
"34589","column/massive","Goniastrea stelligera",3,"massive_columnar_submassive"
"35124","corymbose:corymbose","Acropora nana",3,"branching"
"35221","corymbose:corymbose","Acropora hyacinthus",3,"branching"
"35594","corymbose/plate","Acropora NA",3,"unknown"
"36095","corymboseunknown","Acropora NA",3,"branching"
"36933","digitate:digitate","Acropora lutkeni",3,"branching"
"38024","digitate/vase","Acropora NA",3,"branching"
"38713","encrusting","Cyphastrea serailia",3,"encrusting"
"38714","encrusting","Porites lichen",3,"encrusting"
"38754","encrusting","Montipora effusa",3,"encrusting"
"38784","encrusting","Montipora informis",3,"encrusting"
"38790","encrusting","Montipora mollis",3,"encrusting"
"38807","encrusting","Montipora corbettensis",3,"encrusting"
"38811","encrusting","Pavona venosa",3,"encrusting"
"40892","encrusting/massive","NA NA",3,"unknown"
"40917","encrusting/massive","Montipora NA",3,"unknown"
"41523","encrusting/submassive","Porites NA",3,"encrusting"
"42516","frond","Acropora NA",3,"branching_stout"
"44970","massive","Cyphastrea serailia",3,"massive_columnar_submassive"
"45040","massive","Astra NA",3,"massive_columnar_submassive"
"45047","massive","Favites halicora",3,"massive_columnar_submassive"
"45055","massive","Platygyra sinensis",3,"massive_columnar_submassive"
"45061","massive","Astra curta",3,"massive_columnar_submassive"
"45062","massive","Porites vaughani",3,"massive_columnar_submassive"
"45343","massive/plate","Montipora NA",3,"unknown"
"46419","No photo missing transect:No photo missing transect","Acropora intermedia",3,"branching"
"46432","No photo missing transect:No photo missing transect","Isopora palifera",3,"branching"
"48342","plate","Galaxea astreata",3,"table_plate_laminar"
"51948","solitary","Fungia fungites",3,"unknown"
"52009","submassive","NA NA",3,"unknown"
"52360","table:table","Acropora selago",3,"table_plate_laminar"
"52780","unknown","NA NA",3,"unknown"
"52949","Unknown form:Unknown form","Galaxea astreata",3,"unknown"
"53886","wrong intercept:wrong intercept","Acropora NA",3,"unknown"
"40","","Stylophora pistillata",2,"unknown"
"102","","Porites NA",2,"unknown"
"727","arborescent table:arborescent table","Acropora abrotanoides",2,"unknown"
"794","arborescent table:arborescent table","Acropora florida",2,"unknown"
"814","arborescent table:arborescent table","Acropora intermedia",2,"unknown"
"914","arborescent:arborescent","NA NA",2,"branching"
"1142","arborescent/branching","Acropora intermedia",2,"branching"
"1260","base","Isopora palifera",2,"branching_stout"
"1450","blade","Acropora NA",2,"branching_stout"
"2264","blade thick","Isopora palifera",2,"branching"
"4316","blade/encrusting","Isopora palifera",2,"branching_stout"
"5051","bladeunknown","Isopora palifera",2,"branching_stout"
"5614","boxwork/branching medium","Porites NA",2,"branching"
"6090","branching","Acropora cytherea",2,"branching"
"6140","branching","Seriatopora NA",2,"branching"
"6147","branching","Goniopora NA",2,"branching"
"6164","branching","Montipora NA",2,"branching"
"6189","branching","Acropora latistella",2,"branching"
"6196","branching","Favites abdita",2,"branching"
"6213","branching","Goniastrea NA",2,"branching"
"6230","branching","Dipsastraea pallida",2,"branching"
"7183","branching arborescent bush medium ","Acropora NA",2,"branching"
"7734","branching arborescent open medium","Acropora robusta",2,"branching"
"8295","branching bottlebrush","Acropora NA",2,"branching"
"9687","branching bush dense thick","NA NA",2,"branching"
"10176","branching bush medium","NA NA",2,"branching"
"11433","branching bush mediumunknown","Acropora NA",2,"branching"
"12218","branching bush open stout","Stylophora pistillata",2,"branching_stout"
"13849","branching bush thicket","Acropora NA",2,"branching"
"14011","branching bush thin","Acropora NA",2,"branching"
"14028","branching bush thin","Pocillopora damicornis",2,"branching"
"15330","branching bush tight thin","Pocillopora damicornis",2,"branching"
"16498","branching fine","Galaxea NA",2,"branching"
"16773","branching fine-medium","Acropora NA",2,"branching"
"17254","branching irregular thin-medium","Hydnophora exesa",2,"branching"
"17923","branching medium","Acropora pulchra",2,"branching"
"17982","branching medium","Stylophora NA",2,"branching"
"18795","branching medium-th","Acropora NA",2,"branching"
"18847","branching medium-th","Pocillopora damicornis",2,"branching"
"19473","branching medium/frond","Stylophora pistillata",2,"branching"
"20027","branching mediumunknown/plateunknown/vaseunknown","Acropora NA",2,"unknown"
"20732","branching stout","Isopora NA",2,"branching_stout"
"21742","branching stout-thick","Acropora NA",2,"branching_stout"
"22823","branching stout/frond","Stylophora NA",2,"branching_stout"
"22936","branching stout/frond","Pocillopora NA",2,"branching_stout"
"23216","branching stout/massive","Stylophora pistillata",2,"branching"
"24346","branching thick medium","Acropora NA",2,"branching"
"24876","branching thick/frond","Stylophora pistillata",2,"branching"
"25602","branching thin","Pocillopora verrucosa",2,"branching"
"25741","branching thin","Acropora cytherea",2,"branching"
"25767","branching thin-medium","NA NA",2,"branching"
"26902","branching:branching","Acropora aspera",2,"branching"
"26927","branching:branching","Galaxea fascicularis",2,"branching"
"26946","branching:branching","Acropora nasuta",2,"branching"
"27057","branching:branching","Acropora muricata",2,"branching"
"27410","branching/bush","Acropora robusta",2,"branching"
"27432","branching/bush","Pocillopora verrucosa",2,"branching"
"27461","branching/bush","Galaxea astreata",2,"branching"
"27464","branching/bush","Seriatopora hystrix",2,"branching"
"27493","branching/bush","Stylophora pistillata",2,"branching"
"29376","branching/frond","Acropora NA",2,"branching_stout"
"29439","branching/frond","Pocillopora grandis",2,"branching_stout"
"29473","branching/frond","NA NA",2,"branching_stout"
"30833","branching/vase","NA NA",2,"unknown"
"31108","branchingunknown","Acropora NA",2,"branching"
"31602","bush","Stylophora pistillata",2,"branching"
"31735","bush/frond","Pocillopora verrucosa",2,"branching"
"32118","bushunknown/base","Acropora NA",2,"branching"
"32768","club/frond","Stylophora pistillata",2,"branching_stout"
"32818","column","Porites vaughani",2,"massive_columnar_submassive"
"32944","column","Stylophora pistillata",2,"massive_columnar_submassive"
"34145","column/encrusting","Cyphastrea microphthalma",2,"unknown"
"34308","column/frond","Isopora palifera",2,"branching_stout"
"35180","corymbose:corymbose","Acropora tenuis",2,"branching"
"35243","corymbose:corymbose","Acropora gemmifera",2,"branching"
"35259","corymbose:corymbose","Acropora secale",2,"branching"
"36267","cuneiform:cuneiform","Acropora NA",2,"massive_columnar_submassive"
"37299","digitate/plate","NA NA",2,"branching"
"37330","digitate/plate","Acropora NA",2,"branching"
"37764","digitate/plateunknown","Acropora NA",2,"unknown"
"38188","digitate/vaseunknown","Acropora NA",2,"unknown"
"38723","encrusting","Goniastrea NA",2,"encrusting"
"38770","encrusting","Stylocoeniella armata",2,"encrusting"
"38791","encrusting","Montipora floweri",2,"encrusting"
"38833","encrusting","Cyphastrea NA",2,"encrusting"
"38840","encrusting","Galaxea astreata",2,"encrusting"
"38844","encrusting","Hydnophora microconos",2,"encrusting"
"38864","encrusting","Montipora peltiformis",2,"encrusting"
"38865","encrusting","Montipora spongodes",2,"encrusting"
"39398","encrusting base/branching stout","Isopora palifera",2,"branching_stout"
"40880","encrusting/massive","Favites flexuosa",2,"unknown"
"41545","encrusting/submassive","Porites lichen",2,"encrusting"
"42691","frond ","Isopora palifera",2,"branching_stout"
"43879","frond thick","Stylophora pistillata",2,"branching"
"44140","frond/plate","NA NA",2,"unknown"
"44940","massive","Montipora grisea",2,"massive_columnar_submassive"
"44948","massive","Dipsastraea matthaii",2,"massive_columnar_submassive"
"44979","massive","Galaxea fascicularis",2,"massive_columnar_submassive"
"45010","massive","Leptoria irregularis",2,"massive_columnar_submassive"
"45017","massive","Porites rus",2,"massive_columnar_submassive"
"45048","massive","Platygyra verweyi",2,"massive_columnar_submassive"
"45050","massive","Dipsastraea lizardensis",2,"massive_columnar_submassive"
"45073","massive","Platygyra lamellina",2,"massive_columnar_submassive"
"45074","massive","Goniastrea favulus",2,"massive_columnar_submassive"
"45089","massive","Stylophora NA",2,"massive_columnar_submassive"
"45923","massiveunknown","NA NA",2,"massive_columnar_submassive"
"46340","No photo :No photo ","Acropora cytherea",2,"unknown"
"46439","No photo missing transect:No photo missing transect","Acropora nasuta",2,"branching"
"47974","phaceloidunknown","Lobophyllia NA",2,"massive_columnar_submassive"
"48251","plate","Pocillopora damicornis",2,"table_plate_laminar"
"48293","plate","Montipora spongodes",2,"table_plate_laminar"
"48321","plate","Acropora clathrata",2,"table_plate_laminar"
"49341","plate thick/vase","Acropora NA",2,"unknown"
"49733","plate thin","Acropora NA",2,"table_plate_laminar"
"49889","plate:plate","Montipora NA",2,"table_plate_laminar"
"50866","plate/whorl","Acropora hyacinthus",2,"table_plate_laminar"
"51238","sheet","Acropora NA",2,"massive_columnar_submassive"
"51585","sheet thin","Isopora palifera",2,"branching_stout"
"51924","solitary","Ctenactis NA",2,"unknown"
"51951","solitary","Pleuractis paumotensis",2,"unknown"
"52011","submassive","Favites NA",2,"unknown"
"52072","submassive","Isopora palifera",2,"unknown"
"52081","submassive","Porites annae",2,"unknown"
"52084","submassive","Astra NA",2,"unknown"
"52101","submassive","Favia NA",2,"unknown"
"52129","submassive","Stylophora pistillata",2,"unknown"
"52136","submassive","Porites NA",2,"unknown"
"52326","table:table","Acropora milleopora",2,"table_plate_laminar"
"52736","unknown","Hydnophora exesa",2,"unknown"
"52832","Unknown form:Unknown form","Acropora valida",2,"unknown"
"52849","Unknown form:Unknown form","Acropora florida",2,"unknown"
"52871","Unknown form:Unknown form","Acropora intermedia",2,"unknown"
"52880","Unknown form:Unknown form","Porites NA",2,"unknown"
"52959","Unknown form:Unknown form","Isopora NA",2,"unknown"
"53086","vase","Stylophora NA",2,"massive_columnar_submassive"
"53108","vase","Acropora hyacinthus",2,"massive_columnar_submassive"
"53455","vaseunknown","NA NA",2,"massive_columnar_submassive"
"53683","Wrong intercept or transect:Wrong intercept or transect","Acropora NA",2,"unknown"
"53960","Wrong intercept:Wrong intercept","Acropora hyacinthus",2,"branching"
"54052","Wrong intercept:Wrong intercept","Acropora digitifera",2,"branching"
"7","","Montipora NA",1,"unknown"
"34","","Acropora valida",1,"unknown"
"43","","Galaxea NA",1,"unknown"
"53","","Pocillopora damicornis",1,"unknown"
"74","","Montipora informis",1,"unknown"
"76","","Galaxea fascicularis",1,"unknown"
"125","","Acropora minuta",1,"unknown"
"152","","Pocillopora NA",1,"unknown"
"610","arborescent table :arborescent table ","Acropora NA",1,"unknown"
"664","arborescent table:arborescent table","Acropora acuminata",1,"unknown"
"678","arborescent table:arborescent table","Acropora valenciennesi",1,"unknown"
"691","arborescent table:arborescent table","Isopora palifera",1,"unknown"
"719","arborescent table:arborescent table","Acropora milleopora",1,"unknown"
"738","arborescent table:arborescent table","Acropora papillare",1,"unknown"
"748","arborescent table:arborescent table","Acropora lutkeni",1,"unknown"
"783","arborescent table:arborescent table","Acropora monticulosa",1,"unknown"
"844","arborescent:arborescent","Isopora togianensis",1,"branching"
"850","arborescent:arborescent","Isopora palifera",1,"branching"
"903","arborescent:arborescent","Acropora pulchra",1,"branching"
"915","arborescent:arborescent","Acropora microphthalma",1,"branching"
"931","arborescent:arborescent","Acropora austera",1,"branching"
"1074","arborescent/branching","Acropora robusta",1,"branching"
"1315","blade","Goniastrea NA",1,"branching_stout"
"1322","blade","Isopora NA",1,"branching_stout"
"1324","blade","Pocillopora grandis",1,"branching_stout"
"1341","blade","Lobophyllia NA",1,"branching_stout"
"1401","blade","Galaxea NA",1,"branching_stout"
"1438","blade","Porites vaughani",1,"branching_stout"
"1531","blade ","Isopora palifera",1,"branching_stout"
"1606","blade ","NA NA",1,"branching_stout"
"1649","blade base","Isopora palifera",1,"branching_stout"
"1846","blade stout","Pocillopora damicornis",1,"branching_stout"
"1962","blade stout","Stylophora pistillata",1,"branching_stout"
"2076","blade stout/frond","Stylophora pistillata",1,"branching_stout"
"2140","blade thick","Isopora cuneata",1,"branching"
"2456","blade/base","Isopora palifera",1,"branching_stout"
"2629","blade/branching","NA NA",1,"branching"
"2645","blade/branching","Stylophora pistillata",1,"branching"
"2683","blade/branching","Acropora NA",1,"branching"
"2684","blade/branching","Isopora palifera",1,"branching"
"2725","blade/branching","Pocillopora NA",1,"branching"
"3174","blade/branching stout/column","Isopora palifera",1,"branching_stout"
"3540","blade/branching thin","Isopora palifera",1,"branching_stout"
"3737","blade/bush","Pocillopora verrucosa",1,"branching"
"3869","blade/column","Stylophora pistillata",1,"branching_stout"
"4152","blade/column thin","Isopora palifera",1,"branching_stout"
"4279","blade/encrusting","NA NA",1,"branching_stout"
"4868","blade/plateunknown","Acropora cytherea",1,"table_plate_laminar"
"4888","blade/plateunknown","Acropora NA",1,"table_plate_laminar"
"5023","bladeunknown","Acropora NA",1,"branching_stout"
"5161","bottlebrush","NA NA",1,"branching"
"5332","bottlebrush/branching","Galaxea fascicularis",1,"branching"
"5333","bottlebrush/branching","Acropora selago",1,"branching"
"5352","bottlebrush/branching","NA NA",1,"branching"
"5549","bottlebrushunknown/branching","Acropora NA",1,"branching"
"5607","boxwork/branching medium","NA NA",1,"branching"
"5836","boxwork/branching thin","Seriatopora hystrix",1,"branching"
"5911","boxwork/branching thin-medium","Pocillopora damicornis",1,"branching"
"6086","branching","Lobophyllia hemprichii",1,"branching"
"6098","branching","Astra curta",1,"branching"
"6104","branching","Caulastrea ",1,"branching"
"6113","branching","Favites stylifera",1,"branching"
"6121","branching","Acropora nasuta",1,"branching"
"6130","branching","Porites cumulatus",1,"branching"
"6141","branching","Acropora nana",1,"branching"
"6150","branching","Acropora valida",1,"branching"
"6152","branching","Acropora secale",1,"branching"
"6158","branching","Acropora valenciennesi",1,"branching"
"6159","branching","Hydnophora exesa",1,"branching"
"6185","branching","Echinopora horrida",1,"branching"
"6186","branching","Lobophyllia recta",1,"branching"
"6191","branching","Acropora grandis",1,"branching"
"6216","branching","Goniopora pandorensis",1,"branching"
"6221","branching","Acropora selago",1,"branching"
"6222","branching","Goniastrea retiformis",1,"branching"
"6258","branching ","Dipsastraea heliopora",1,"branching"
"6318","branching ","Galaxea NA",1,"branching"
"6345","branching ","Galaxea astreata",1,"branching"
"6353","branching ","Galaxea fascicularis",1,"branching"
"6380","branching ","Porites NA",1,"branching"
"6522","branching  ","Pocillopora damicornis",1,"branching"
"6665","branching (bifrucating)/plate","Acropora digitifera",1,"branching"
"6791","branching arborescent bush","Acropora NA",1,"branching"
"6971","branching arborescent bush medium","Pocillopora verrucosa",1,"branching"
"7250","branching arborescent bush mediumunknown","Acropora NA",1,"branching"
"7349","branching arborescent bush mediumunknown","NA NA",1,"branching"
"7399","branching arborescent bush thick","Acropora NA",1,"branching"
"7892","branching arborescent open stout-thick","Acropora robusta",1,"branching_stout"
"8164","branching arborescent thick","Acropora robusta",1,"branching"
"8417","branching bush","Acropora digitifera",1,"branching"
"8440","branching bush","Stylophora pistillata",1,"branching"
"8449","branching bush","Pocillopora damicornis",1,"branching"
"8556","branching bush (vase shaped)","NA NA",1,"unknown"
"8810","branching bush arborescent open stout","Acropora robusta",1,"branching_stout"
"8973","branching bush dense","NA NA",1,"branching"
"9095","branching bush dense medium","NA NA",1,"branching"
"9110","branching bush dense medium","Acropora NA",1,"branching"
"9230","branching bush dense small","Acropora NA",1,"branching"
"9392","branching bush dense stout","NA NA",1,"branching_stout"
"9544","branching bush dense stout tight","Pocillopora damicornis",1,"branching_stout"
"9804","branching bush dense thick","Acropora NA",1,"branching"
"9871","branching bush dense thin","NA NA",1,"branching"
"10415","branching bush medium compact","Acropora NA",1,"branching"
"10736","branching bush medium-th","Acropora grandis",1,"branching"
"10945","branching bush medium-thick","Acropora NA",1,"branching"
"11133","branching bush medium/plate","Acropora NA",1,"unknown"
"11311","branching bush medium/vaseunknown","Acropora NA",1,"unknown"
"11386","branching bush mediumunknown","NA NA",1,"branching"
"11639","branching bush open medium","Stylophora pistillata",1,"branching"
"11708","branching bush open medium-th","Pocillopora damicornis",1,"branching"
"11845","branching bush open medium-thick","Pocillopora damicornis",1,"branching"
"12105","branching bush open medium/frond","Pocillopora meandrina",1,"branching"
"12380","branching bush open stout-thick","Stylophora pistillata",1,"branching_stout"
"12488","branching bush open stout/frond","Stylophora pistillata",1,"branching_stout"
"12690","branching bush open th","NA NA",1,"branching"
"12851","branching bush open thick","NA NA",1,"branching"
"12913","branching bush open thick","Stylophora pistillata",1,"branching"
"12933","branching bush open thick","Pocillopora damicornis",1,"branching"
"13061","branching bush open/club","Stylophora pistillata",1,"branching"
"13417","branching bush stout dense","NA NA",1,"branching_stout"
"13550","branching bush th","Acropora NA",1,"branching"
"13664","branching bush thick","Acropora robusta",1,"branching"
"14095","branching bush thin","Seriatopora hystrix",1,"branching"
"14240","branching bush thin medium","Acropora NA",1,"branching"
"14333","branching bush thin-medium","Acropora valida",1,"branching"
"14652","branching bush tight fine","Acropora NA",1,"branching"
"15033","branching bush tight medium-thick","Pocillopora damicornis",1,"branching"
"15096","branching bush tight th","NA NA",1,"branching"
"15683","branching bush/club short","Stylophora pistillata",1,"branching"
"15754","branching bush/plate","Acropora digitifera",1,"branching"
"15874","branching bush/plate","Acropora NA",1,"branching"
"15992","branching bush/vase","NA NA",1,"unknown"
"16203","branching bushunknown","Acropora NA",1,"branching"
"16317","branching dense thicket thick","NA NA",1,"branching"
"16506","branching fine","NA NA",1,"branching"
"16670","branching fine + branching medium + branching thick","Acropora acuminata",1,"branching"
"17004","branching fine-medium/plateunknown","Acropora NA",1,"unknown"
"17120","branching irregular medium","Hydnophora exesa",1,"branching"
"17521","branching large/plate","Acropora NA",1,"unknown"
"17703","branching long","Acropora NA",1,"branching"
"17863","branching massive","Stylophora NA",1,"unknown"
"17920","branching medium","Porites NA",1,"branching"
"17933","branching medium","Acropora selago",1,"branching"
"17949","branching medium","Seriatopora hystrix",1,"branching"
"17953","branching medium","Acropora digitifera",1,"branching"
"17966","branching medium","Pocillopora NA",1,"branching"
"18007","branching medium","Acropora echinata",1,"branching"
"18185","branching medium & thick","Acropora NA",1,"branching"
"18299","branching medium close packed","Acropora selago",1,"branching"
"18374","branching medium irregular","NA NA",1,"branching"
"18674","branching medium long","Acropora NA",1,"branching"
"18938","branching medium-th/massiveunknown","Porites NA",1,"unknown"
"19039","branching medium-thick","NA NA",1,"branching"
"19068","branching medium-thick","Acropora echinata",1,"branching"
"19312","branching medium-thin","Acropora echinata",1,"branching"
"19529","branching medium/frond small","Pocillopora verrucosa",1,"branching"
"19708","branching medium/plate","NA NA",1,"unknown"
"19798","branching medium/plate","Acropora NA",1,"unknown"
"19903","branching mediumunknown","Cyphastrea NA",1,"branching"
"20241","branching rounded medium","Stylophora NA",1,"branching"
"20475","branching rounded thin","Porites cylindrica",1,"branching"
"20637","branching small","Acropora NA",1,"branching"
"20690","branching stout","Porites NA",1,"branching_stout"
"20794","branching stout","Isopora cuneata",1,"branching_stout"
"20991","branching stout ","NA NA",1,"branching_stout"
"21047","branching stout (fused)/plate","Acropora NA",1,"unknown"
"21264","branching stout medium","Stylophora pistillata",1,"branching_stout"
"21473","branching stout th","Acropora NA",1,"branching_stout"
"21486","branching stout thick","Stylophora NA",1,"branching_stout"
"21846","branching stout/blade","Stylophora pistillata",1,"branching_stout"
"22068","branching stout/blade stout","Isopora cuneata",1,"branching_stout"
"22206","branching stout/club","Isopora palifera",1,"branching_stout"
"22484","branching stout/column bush/frond","Stylophora pistillata",1,"branching"
"22775","branching stout/encrusting base","Isopora palifera",1,"branching_stout"
"22871","branching stout/frond","Pocillopora damicornis",1,"branching_stout"
"22901","branching stout/frond","Pocillopora meandrina",1,"branching_stout"
"23000","branching stout/frond/submassive","Porites vaughani",1,"branching_stout"
"23268","branching stout/massive","Pocillopora damicornis",1,"branching"
"23391","branching stout/submassive","Stylophora pistillata",1,"branching_stout"
"23491","branching stout/vase","Acropora NA",1,"unknown"
"23495","branching stout/vase","Acropora humilis",1,"unknown"
"23555","branching stout/vase","NA NA",1,"unknown"
"23608","branching stout/vase","Alveopora NA",1,"unknown"
"23734","branching stout/vase!","Stylophora pistillata",1,"branching"
"23927","branching stoutunknown","Pocillopora NA",1,"branching_stout"
"24054","branching th","Acropora robusta",1,"branching"
"24116","branching thick","Acropora digitifera",1,"branching"
"24143","branching thick","Acropora humilis",1,"branching"
"24157","branching thick","Pocillopora NA",1,"branching"
"24243","branching thick","Pocillopora verrucosa",1,"branching"
"24468","branching thick very","Acropora NA",1,"branching"
"24685","branching thick/encrusting/massive","Porites NA",1,"unknown"
"24945","branching thick/plate","NA NA",1,"unknown"
"25226","branching thick/vase","NA NA",1,"unknown"
"25280","branching thicket","Acropora NA",1,"branching"
"25445","branching thickunknown","Acropora NA",1,"branching"
"25658","branching thin","Seriatopora NA",1,"branching"
"25737","branching thin","Acropora milleopora",1,"branching"
"25782","branching thin-medium","Acropora valida",1,"branching"
"25867","branching thin-medium","Acropora nasuta",1,"branching"
"25994","branching thin-stout","Stylophora pistillata",1,"branching_stout"
"26140","branching thin/plate","Acropora cytherea",1,"table_plate_laminar"
"26275","branching thin/plateunknown","Acropora cytherea",1,"table_plate_laminar"
"26489","branching thunknown","Acropora NA",1,"branching"
"26687","branching tight","Acropora selago",1,"branching"
"26873","branching:arborescent","Acropora NA",1,"branching"
"26908","branching:branching","Acropora selago",1,"branching"
"26952","branching:branching","Acropora samoensis",1,"branching"
"27008","branching:branching","Acropora hyacinthus",1,"branching"
"27016","branching:branching","Acropora valida",1,"branching"
"27040","branching:branching","Acropora monticulosa",1,"branching"
"27041","branching:branching","Acropora abrotanoides",1,"branching"
"27049","branching:branching","Stylophora pistillata",1,"branching"
"27052","branching:branching","Acropora cytherea",1,"branching"
"27055","branching:branching","Acropora gemmifera",1,"branching"
"27216","branching:Unknown form","Acropora NA",1,"branching"
"27347","branching/boxwork","NA NA",1,"branching"
"27477","branching/bush","Acropora muricata",1,"branching"
"27506","branching/bush","Acropora echinata",1,"branching"
"27542","branching/bush","Goniastrea stelligera",1,"branching"
"27604","branching/bush/digitate/plate","NA NA",1,"unknown"
"27729","branching/bush/frond","Porites nigrescens",1,"unknown"
"27767","branching/bush/frond","Pocillopora grandis",1,"unknown"
"27797","branching/bush/frond","Pocillopora NA",1,"unknown"
"28024","branching/bush/plate","NA NA",1,"unknown"
"28104","branching/club","Stylophora pistillata",1,"branching"
"28224","branching/column","Hydnophora microconos",1,"massive_columnar_submassive"
"28580","branching/corymbose/plate","NA NA",1,"unknown"
"28788","branching/corymboseunknown","Acropora NA",1,"branching"
"28946","branching/digitate/plate","NA NA",1,"unknown"
"29107","branching/digitate/vase","NA NA",1,"unknown"
"29228","branching/encrusting","NA NA",1,"unknown"
"29238","branching/encrusting","Acropora NA",1,"unknown"
"29249","branching/encrusting","Porites NA",1,"unknown"
"29361","branching/frond","Platygyra NA",1,"branching_stout"
"29364","branching/frond","Acropora robusta",1,"branching_stout"
"29385","branching/frond","Galaxea fascicularis",1,"branching_stout"
"29440","branching/frond","Porites cylindrica",1,"branching_stout"
"29506","branching/frond","Pocillopora damicornis",1,"branching_stout"
"29534","branching/frond/plate","Acropora NA",1,"unknown"
"29717","branching/massive","NA NA",1,"encrusting"
"29723","branching/massive","Porites annae",1,"encrusting"
"29735","branching/massive","Stylocoeniella armata",1,"encrusting"
"29877","branching/massive/plate","NA NA",1,"unknown"
"30021","branching/phaceloid","Lobophyllia hemprichii",1,"massive_columnar_submassive"
"30192","branching/phaceloidunknown","NA NA",1,"unknown"
"30422","branching/plate","Acropora hyacinthus",1,"unknown"
"30425","branching/plate","Goniastrea stelligera",1,"unknown"
"30452","branching/plate","Acropora digitifera",1,"unknown"
"30496","branching/plate","Galaxea astreata",1,"unknown"
"30586","branching/plate/vase","Acropora digitifera",1,"branching"
"30677","branching/plateunknown","NA NA",1,"unknown"
"30862","branching/vase","Acropora NA",1,"unknown"
"30865","branching/vase","Montipora NA",1,"unknown"
"30913","branching/vase","Acropora digitifera",1,"unknown"
"31027","branchingunknown","Acropora gemmifera",1,"branching"
"31176","branchingunknown/encrusting","Hydnophora exesa",1,"encrusting"
"31334","branchingunknown/plateunknown","Acropora NA",1,"unknown"
"31496","bush","NA NA",1,"branching"
"31528","bush","Pocillopora NA",1,"branching"
"31584","bush","Seriatopora hystrix",1,"branching"
"31661","bush/frond","NA NA",1,"branching"
"31853","bush/plate","Pocillopora NA",1,"unknown"
"32240","bushunknown/corymbose","Acropora NA",1,"branching"
"32410","caespitose:caespitose","NA NA",1,"branching"
"32619","club","Stylophora pistillata",1,"branching_stout"
"32806","column","Leptoria phrygia",1,"massive_columnar_submassive"
"32817","column","Goniastrea stelligera",1,"massive_columnar_submassive"
"32824","column","Psammocora digitata",1,"massive_columnar_submassive"
"32911","column","Pavona duerdeni",1,"massive_columnar_submassive"
"32940","column","NA NA",1,"massive_columnar_submassive"
"33147","column th","Isopora palifera",1,"massive_columnar_submassive"
"33374","column thick","Stylophora pistillata",1,"branching_stout"
"33600","column thick/branching stout","Isopora palifera",1,"branching_stout"
"33651","column/base","Lobophyllia hemprichii",1,"massive_columnar_submassive"
"33728","column/base","Porites annae",1,"massive_columnar_submassive"
"33816","column/branching stout","Isopora palifera",1,"branching_stout"
"33852","column/branching stout","Stylophora pistillata",1,"branching_stout"
"33974","column/branching thick","Stylophora pistillata",1,"branching"
"34123","column/encrusting","Porites NA",1,"unknown"
"34270","column/encrusting","Favia NA",1,"unknown"
"34286","column/frond","NA NA",1,"branching_stout"
"34446","column/massive","Favites micropentagonus",1,"massive_columnar_submassive"
"34462","column/massive","Leptoria phrygia",1,"massive_columnar_submassive"
"34473","column/massive","Favites NA",1,"massive_columnar_submassive"
"34501","column/massive","Porites rus",1,"massive_columnar_submassive"
"34531","column/massive","Porites vaughani",1,"massive_columnar_submassive"
"34569","column/massive","Platygyra NA",1,"massive_columnar_submassive"
"34591","column/massive","Goniopora tenuidens",1,"massive_columnar_submassive"
"34603","column/massive","Goniastrea retiformis",1,"massive_columnar_submassive"
"34617","column/massiveunknown","Pavona clavus",1,"massive_columnar_submassive"
"34856","column/submassive","Porites vaughani",1,"encrusting"
"34993","columnunknown","Porites NA",1,"massive_columnar_submassive"
"35027","columnunknown","Psammocora digitata",1,"massive_columnar_submassive"
"35099","corymbose:corymbose","Acropora cytherea",1,"branching"
"35148","corymbose:corymbose","NA NA",1,"branching"
"35165","corymbose:corymbose","Acropora divaricata",1,"branching"
"35197","corymbose:corymbose","Acropora millepora",1,"branching"
"35207","corymbose:corymbose","Galaxea astreata",1,"branching"
"35235","corymbose:corymbose","Acropora sarmentosa",1,"branching"
"35238","corymbose:corymbose","Acropora latistella",1,"branching"
"35258","corymbose:corymbose","Acropora echinata",1,"branching"
"35260","corymbose:corymbose","Galaxea fascicularis",1,"branching"
"35306","corymbose:No photo","Acropora NA",1,"branching"
"35440","corymbose/branching mediumunknown","Acropora NA",1,"branching"
"35670","corymbose/plate","Acropora cytherea",1,"unknown"
"35828","corymbose/vase","Acropora digitifera",1,"branching"
"35923","corymbose/vase (youngunknown)","Acropora NA",1,"unknown"
"36406","cuneiform:cuneiform","Isopora cuneata",1,"massive_columnar_submassive"
"36441","digitate","NA NA",1,"branching"
"36586","digitate medium/plate","Acropora digitifera",1,"branching"
"36837","digitate medium/vase","Acropora digitifera",1,"branching"
"36909","digitate:digitate","NA NA",1,"branching"
"36921","digitate:digitate","Dipsastraea pallida",1,"branching"
"36966","digitate:digitate","Acropora robusta",1,"branching"
"37030","digitate:digitate","Acropora hyacinthus",1,"branching"
"37031","digitate:digitate","Galaxea NA",1,"branching"
"37204","digitate/encrusting/plate","Porites NA",1,"unknown"
"37229","digitate/plate","Porites cylindrica",1,"branching"
"37273","digitate/plate","Porites NA",1,"branching"
"37370","digitate/plate","Acropora hyacinthus",1,"branching"
"37530","digitate/plate (w/fingers)","NA NA",1,"unknown"
"37597","digitate/plate/vase","NA NA",1,"unknown"
"37788","digitate/plateunknown","NA NA",1,"unknown"
"37920","digitate/vase","Acropora gemmifera",1,"branching"
"38027","digitate/vase","Acropora selago",1,"branching"
"38322","digitateunknown","Acropora NA",1,"branching"
"38514","digitateunknown/plate","Acropora NA",1,"unknown"
"38640","digitateunknown/vase","Acropora gemmifera",1,"branching"
"38717","encrusting","Porites annae",1,"encrusting"
"38721","encrusting","Montipora caliculata",1,"encrusting"
"38727","encrusting","Montipora calcarea",1,"encrusting"
"38734","encrusting","Astra curta",1,"encrusting"
"38743","encrusting","Galaxea fascicularis",1,"encrusting"
"38748","encrusting","Montipora tuberculosa",1,"encrusting"
"38753","encrusting","Isopora NA",1,"encrusting"
"38755","encrusting","Stylophora pistillata",1,"encrusting"
"38763","encrusting","Pavona varians",1,"encrusting"
"38769","encrusting","Dipsastraea speciosa",1,"encrusting"
"38774","encrusting","Montipora efflorescens",1,"encrusting"
"38786","encrusting","Montipora foveolata",1,"encrusting"
"38787","encrusting","Pavona NA",1,"encrusting"
"38795","encrusting","Porites rus",1,"encrusting"
"38796","encrusting","Gardineroseris planulata",1,"encrusting"
"38818","encrusting","Montipora hoffmeisteri",1,"encrusting"
"38830","encrusting","Psammocora profoundacella",1,"encrusting"
"38838","encrusting","Montipora hispida",1,"encrusting"
"38858","encrusting","Seriatopora NA",1,"encrusting"
"38901","encrusting ","Porites NA",1,"encrusting"
"39194","encrusting at edges/massive","Montipora grisea",1,"massive_columnar_submassive"
"39532","encrusting multi-level","Leptoria phrygia",1,"encrusting"
"39596","encrusting multi-level","Porites NA",1,"encrusting"
"39818","encrusting thick/submassive","Favites halicora",1,"massive_columnar_submassive"
"39967","encrusting thickunknown","Favites NA",1,"unknown"
"40333","encrusting/frond","Stylophora pistillata",1,"branching"
"40454","encrusting/knobs/massive","Porites NA",1,"unknown"
"40578","encrusting/laminar","Porites NA",1,"unknown"
"40740","encrusting/laminarunknown","Porites NA",1,"unknown"
"40859","encrusting/massive","Cyphastrea serailia",1,"unknown"
"40867","encrusting/massive","Porites lichen",1,"unknown"
"40888","encrusting/massive","Goniastrea edwardsi",1,"unknown"
"40922","encrusting/massive","Hydnophora exesa",1,"unknown"
"40963","encrusting/massive","Favia NA",1,"unknown"
"40978","encrusting/massive","Montipora informis",1,"unknown"
"41005","encrusting/plate","NA NA",1,"unknown"
"41014","encrusting/plate","Montipora corbettensis",1,"unknown"
"41023","encrusting/plate","Acropora NA",1,"unknown"
"41027","encrusting/plate","Montipora turgescens",1,"unknown"
"41066","encrusting/plate","Porites NA",1,"unknown"
"41078","encrusting/plate","Montipora NA",1,"unknown"
"41127","encrusting/plate","Porites lichen",1,"unknown"
"41191","encrusting/sheet","NA NA",1,"unknown"
"41233","encrusting/sheet","Galaxea fascicularis",1,"unknown"
"41284","encrusting/sheet","Cyphastrea NA",1,"unknown"
"41336","encrusting/sheetunknown","NA NA",1,"unknown"
"41484","encrusting/sheetunknown","Cyphastrea microphthalma",1,"unknown"
"41525","encrusting/submassive","Montipora informis",1,"encrusting"
"41552","encrusting/submassive","Montipora turgescens",1,"encrusting"
"41558","encrusting/submassive","Psammocora haimiana",1,"encrusting"
"41600","encrusting/submassive","Galaxea fascicularis",1,"encrusting"
"41634","encrusting/submassive","Galaxea astreata",1,"encrusting"
"41661","encrustingunknown","Montipora NA",1,"encrusting"
"41684","encrustingunknown","Acropora NA",1,"encrusting"
"41752","encrustingunknown","Goniopora NA",1,"encrusting"
"41759","encrustingunknown","Leptoria phrygia",1,"encrusting"
"41803","encrustingunknown","Psammocora profoundacella",1,"encrusting"
"41918","encrustingunknown/frondunknown","Pavona explanulata",1,"encrusting"
"42096","fasciculate","Galaxea NA",1,"massive_columnar_submassive"
"42205","fasciculate/plate","Galaxea NA",1,"massive_columnar_submassive"
"42350","flabello-meandroidunknown/phaceloidunknown","NA NA",1,"massive_columnar_submassive"
"42512","frond","Dipsastraea pallida",1,"branching_stout"
"42523","frond","Lobophyllia recta",1,"branching_stout"
"42570","frond","Galaxea astreata",1,"branching_stout"
"42589","frond","Pocillopora damicornis",1,"branching_stout"
"42598","frond","Acropora cytherea",1,"branching_stout"
"42605","frond","Porites nigrescens",1,"branching_stout"
"42631","frond","Montipora turgescens",1,"branching_stout"
"42719","frond ","Galaxea astreata",1,"branching_stout"
"42739","frond ","Stylophora pistillata",1,"branching_stout"
"42746","frond ","Galaxea NA",1,"branching_stout"
"42942","frond medium","Stylophora pistillata",1,"branching_stout"
"43127","frond open","Isopora palifera",1,"branching_stout"
"43336","frond open bush small","Pocillopora verrucosa",1,"branching"
"43551","frond small","Pocillopora verrucosa",1,"branching_stout"
"43606","frond small","Pocillopora damicornis",1,"branching_stout"
"43755","frond stout","Stylophora pistillata",1,"branching_stout"
"43992","frond thin/plate","NA NA",1,"unknown"
"44217","frond/plate","Porites vaughani",1,"unknown"
"44318","frondunknown","NA NA",1,"branching_stout"
"44555","hyspidose","Galaxea astreata",1,"branching"
"44569","hyspidose","Galaxea fascicularis",1,"branching"
"44638","laminar","Montipora NA",1,"table_plate_laminar"
"44671","laminar","NA NA",1,"table_plate_laminar"
"44684","laminar","Porites lichen",1,"table_plate_laminar"
"44841","laminar/whorl","Coscinaraea NA",1,"table_plate_laminar"
"44938","massive","Goniopora djiboutiensis",1,"massive_columnar_submassive"
"44943","massive","Pocillopora NA",1,"massive_columnar_submassive"
"44950","massive","Hydnophora exesa",1,"massive_columnar_submassive"
"44952","massive","Dipsastraea NA",1,"massive_columnar_submassive"
"44964","massive","Leptastrea NA",1,"massive_columnar_submassive"
"44966","massive","Goniopora NA",1,"massive_columnar_submassive"
"44975","massive","Dipsastraea laxa",1,"massive_columnar_submassive"
"44981","massive","Goniopora pedunculata",1,"massive_columnar_submassive"
"44983","massive","Porites lichen",1,"massive_columnar_submassive"
"44986","massive","Psammocora profoundacella",1,"massive_columnar_submassive"
"44990","massive","Porites annae",1,"massive_columnar_submassive"
"44993","massive","Montipora caliculata",1,"massive_columnar_submassive"
"44994","massive","Gardineroseris planulata",1,"massive_columnar_submassive"
"45013","massive","Goniastrea minuta",1,"massive_columnar_submassive"
"45016","massive","Caulastrea ",1,"massive_columnar_submassive"
"45019","massive","Pavona explanulata",1,"massive_columnar_submassive"
"45021","massive","Stylophora pistillata",1,"massive_columnar_submassive"
"45022","massive","Platygyra contorta",1,"massive_columnar_submassive"
"45029","massive","Platygyra acuta",1,"massive_columnar_submassive"
"45037","massive","Dipsastraea speciosa",1,"massive_columnar_submassive"
"45039","massive","Porites solida",1,"massive_columnar_submassive"
"45054","massive","Pavona maldivensis",1,"massive_columnar_submassive"
"45056","massive","Astreopora NA",1,"massive_columnar_submassive"
"45077","massive","Pavona duerdeni",1,"massive_columnar_submassive"
"45083","massive","Favites abdita",1,"massive_columnar_submassive"
"45096","massive","Coelastrea aspera",1,"massive_columnar_submassive"
"45099","massive","Astreopora listeri",1,"massive_columnar_submassive"
"45100","massive","Galaxea astreata",1,"massive_columnar_submassive"
"45227","massive/phaceloid","Lobophyllia corymbosa",1,"massive_columnar_submassive"
"45371","massive/plate","Montipora turgescens",1,"unknown"
"45392","massive/plate","Favia NA",1,"unknown"
"45482","massive/submassive","NA NA",1,"unknown"
"45613","massive/vase","NA NA",1,"massive_columnar_submassive"
"45820","massive/vaseunknown","NA NA",1,"massive_columnar_submassive"
"45978","massiveunknown","Lobophyllia NA",1,"massive_columnar_submassive"
"46049","massiveunknown","Dipsastraea heliopora",1,"massive_columnar_submassive"
"46199","Missing transect:Missing transect","Acropora echinata",1,"branching"
"46329","No photo :No photo ","Isopora palifera",1,"unknown"
"46339","No photo :No photo ","NA NA",1,"unknown"
"46414","No photo missing transect:No photo missing transect","Acropora gemmifera",1,"branching"
"46422","No photo missing transect:No photo missing transect","Acropora echinata",1,"branching"
"46441","No photo missing transect:No photo missing transect","Acropora lutkeni",1,"branching"
"46492","No photo missing transect:No photo missing transect","Acropora cerealis",1,"branching"
"46535","No photo missing transect:No photo missing transect","Acropora selago",1,"branching"
"46557","No photo missing transect:No photo missing transect","Acropora robusta",1,"branching"
"46612","No photo:No photo","Isopora palifera",1,"unknown"
"46669","No photo:No photo","Acropora robusta",1,"unknown"
"46670","No photo:No photo","Acropora cytherea",1,"unknown"
"46746","nodules/submassive","Cyphastrea microphthalma",1,"massive_columnar_submassive"
"46921","nodulesunknown","NA NA",1,"unknown"
"47324","phaceloid fragment","Lobophyllia NA",1,"massive_columnar_submassive"
"47540","phaceloid/sheet","Galaxea NA",1,"massive_columnar_submassive"
"47842","phaceloid/submassive","Galaxea NA",1,"massive_columnar_submassive"
"47938","phaceloidunknown","NA NA",1,"massive_columnar_submassive"
"47998","phaceloidunknown","Galaxea fascicularis",1,"massive_columnar_submassive"
"48092","phaceloidunknown/solitaryunknown","NA NA",1,"massive_columnar_submassive"
"48224","plate","Dipsastraea pallida",1,"table_plate_laminar"
"48229","plate","Porites nigrescens",1,"table_plate_laminar"
"48230","plate","Turbinaria NA",1,"table_plate_laminar"
"48247","plate","Merulina ampliata",1,"table_plate_laminar"
"48252","plate","Goniastrea NA",1,"table_plate_laminar"
"48257","plate","Acropora valida",1,"table_plate_laminar"
"48282","plate","Montipora turtlensis",1,"table_plate_laminar"
"48291","plate","Leptoria phrygia",1,"table_plate_laminar"
"48303","plate","Montipora tuberculosa",1,"table_plate_laminar"
"48306","plate","Stylophora pistillata",1,"table_plate_laminar"
"48318","plate","Favites NA",1,"table_plate_laminar"
"48326","plate","Leptoria irregularis",1,"table_plate_laminar"
"48328","plate","Galaxea NA",1,"table_plate_laminar"
"48338","plate","Montipora peltiformis",1,"table_plate_laminar"
"48353","plate","Montipora aequituberculata",1,"table_plate_laminar"
"48354","plate","Montipora mollis",1,"table_plate_laminar"
"48356","plate","Acropora humilis",1,"table_plate_laminar"
"48357","plate","Montipora informis",1,"table_plate_laminar"
"48360","plate","Montipora venosa",1,"table_plate_laminar"
"48364","plate","Isopora palifera",1,"table_plate_laminar"
"48365","plate","Isopora cuneata",1,"table_plate_laminar"
"48370","plate","Pavona NA",1,"table_plate_laminar"
"48373","plate","Porites vaughani",1,"table_plate_laminar"
"48379","plate","Acropora gemmifera",1,"table_plate_laminar"
"48380","plate","Favites abdita",1,"table_plate_laminar"
"48432","plate 2-tiered","Acropora hyacinthus",1,"table_plate_laminar"
"48668","plate anastomosing","Acropora NA",1,"table_plate_laminar"
"48754","plate anastomosing dense branches","Acropora NA",1,"table_plate_laminar"
"48968","plate large","Acropora hyacinthus",1,"table_plate_laminar"
"49489","plate thick/vaseunknown","Acropora NA",1,"unknown"
"49544","plate thickunknown","Acropora digitifera",1,"table_plate_laminar"
"49563","plate thickunknown","NA NA",1,"table_plate_laminar"
"49610","plate thickunknown","Acropora NA",1,"table_plate_laminar"
"49649","plate thickunknown","Acropora hyacinthus",1,"table_plate_laminar"
"49726","plate thin","Acropora cytherea",1,"table_plate_laminar"
"49850","plate thin","Acropora hyacinthus",1,"table_plate_laminar"
"50030","plate/base","Acropora NA",1,"table_plate_laminar"
"50247","plate/sheet","Porites annae",1,"table_plate_laminar"
"50345","plate/sheet","NA NA",1,"table_plate_laminar"
"50513","plate/vase thick","Acropora NA",1,"unknown"
"50723","plate/vaseunknown","Acropora NA",1,"unknown"
"51080","plateunknown","Acropora divaricata",1,"table_plate_laminar"
"51092","plateunknown","Goniastrea NA",1,"table_plate_laminar"
"51288","sheet","Porites lichen",1,"massive_columnar_submassive"
"51314","sheet","NA NA",1,"massive_columnar_submassive"
"51472","sheet multi-level","Galaxea astreata",1,"table_plate_laminar"
"51572","sheet thin","Porites lichen",1,"branching_stout"
"51755","sheet/whorl","Pavona NA",1,"table_plate_laminar"
"51763","sheet/whorl","Lobophyllia NA",1,"table_plate_laminar"
"51904","solitary","Cycloseris NA",1,"unknown"
"51985","solitary","Galaxea astreata",1,"unknown"
"51994","submassive","Montipora mollis",1,"unknown"
"52030","submassive","Montipora calcarea",1,"unknown"
"52066","submassive","Montipora turgescens",1,"unknown"
"52073","submassive","Cyphastrea microphthalma",1,"unknown"
"52075","submassive","Favites pentagona",1,"unknown"
"52077","submassive","Montipora foveolata",1,"unknown"
"52083","submassive","Goniastrea stelligera",1,"unknown"
"52087","submassive","Montipora effusa",1,"unknown"
"52091","submassive","Hydnophora microconos",1,"unknown"
"52114","submassive","Montipora informis",1,"unknown"
"52119","submassive","Coelastrea aspera",1,"unknown"
"52132","submassive","Porites solida",1,"unknown"
"52151","submassive","Platygyra daedalea",1,"unknown"
"52254","table","Acropora NA",1,"table_plate_laminar"
"52320","table:table","Acropora solitaryensis",1,"table_plate_laminar"
"52321","table:table","Acropora latistella",1,"table_plate_laminar"
"52371","table:table","Acropora gemmifera",1,"table_plate_laminar"
"52373","table:table","Acropora tenuis",1,"table_plate_laminar"
"52406","table:table","Acropora monticulosa",1,"table_plate_laminar"
"52420","table:table","Acropora anthocercis",1,"table_plate_laminar"
"52424","table:table","Goniastrea NA",1,"table_plate_laminar"
"52437","table:table","Goniastrea stelligera",1,"table_plate_laminar"
"52459","table:table","Acropora millepora",1,"table_plate_laminar"
"52461","table:table","Galaxea astreata",1,"table_plate_laminar"
"52506","tight bush/plate","Acropora selago",1,"branching"
"52651","unknown","Acropora monticulosa",1,"unknown"
"52787","unknown","Galaxea fascicularis",1,"unknown"
"52805","unknown","Turbinaria NA",1,"unknown"
"52815","Unknown form:Unknown form","Acropora solitaryensis",1,"unknown"
"52847","Unknown form:Unknown form","Acropora divaricata",1,"unknown"
"52856","Unknown form:Unknown form","Acropora pulchra",1,"unknown"
"52857","Unknown form:Unknown form","Acropora echinata",1,"unknown"
"52873","Unknown form:Unknown form","Isopora cuneata",1,"unknown"
"52889","Unknown form:Unknown form","Galaxea NA",1,"unknown"
"52912","Unknown form:Unknown form","Acropora milleopora",1,"unknown"
"52921","Unknown form:Unknown form","Acropora nasuta",1,"unknown"
"52943","Unknown form:Unknown form","Acropora nana",1,"unknown"
"52966","Unknown form:Unknown form","Stylophora NA",1,"unknown"
"53036","vase","Acropora cytherea",1,"massive_columnar_submassive"
"53041","vase","Porites NA",1,"massive_columnar_submassive"
"53085","vase","Galaxea fascicularis",1,"massive_columnar_submassive"
"53193","vase thick","Acropora NA",1,"unknown"
"53301","vaseunknown","Acropora cytherea",1,"massive_columnar_submassive"
"53315","vaseunknown","Acropora digitifera",1,"massive_columnar_submassive"
"53601","vaseunknown/baseunknown","Acropora NA",1,"massive_columnar_submassive"
"53994","Wrong intercept:Wrong intercept","Acropora monticulosa",1,"branching"
"54043","Wrong intercept:Wrong intercept","Acropora cytherea",1,"branching"
"54222","Wrong photo:Wrong photo","Acropora hyacinthus",1,"unknown"
"54252","Wrong photo:Wrong photo","Acropora NA",1,"unknown"
